row,id,domain,complexity,source_dataset,n_gold_qids,n_gold_labels,missing_required,empty_required,extra_top_level_fields
0,cinema_l1_0000,cinema,L1,wikidata,72,72,,,
1,cinema_l1_0002,cinema,L1,wikidata,24,24,,,
2,cinema_l1_0004,cinema,L1,wikidata,25,25,,,
3,cinema_l1_0006,cinema,L1,wikidata,18,18,,,
4,cinema_l1_0008,cinema,L1,wikidata,25,25,,,
5,cinema_l1_0010,cinema,L1,wikidata,278,278,,,
6,cinema_l1_0012,cinema,L1,wikidata,74,74,,,
7,cinema_l1_0014,cinema,L1,wikidata,137,137,,,
8,cinema_l1_0016,cinema,L1,wikidata,25,25,,,
9,cinema_l1_0018,cinema,L1,wikidata,125,124,,,
10,cinema_l1_0020,cinema,L1,wikidata,41,41,,,
11,cinema_l1_0022,cinema,L1,wikidata,25,25,,,
12,cinema_l1_0024,cinema,L1,wikidata,217,217,,,
13,cinema_l1_0026,cinema,L1,wikidata,22,22,,,
14,cinema_l1_0028,cinema,L1,wikidata,12,12,,,
15,cinema_l1_0030,cinema,L1,wikidata,247,247,,,
16,cinema_l1_0032,cinema,L1,wikidata,618,618,,,
17,cinema_l1_0034,cinema,L1,wikidata,25,25,,,
18,cinema_l1_0036,cinema,L1,wikidata,8,8,,,
19,cinema_l1_0038,cinema,L1,wikidata,333,333,,,
20,cinema_l1_0040,cinema,L1,wikidata,125,125,,,
21,cinema_l1_0042,cinema,L1,wikidata,329,329,,,
22,cinema_l1_0044,cinema,L1,wikidata,491,491,,,
23,cinema_l1_0046,cinema,L1,wikidata,20,20,,,
24,cinema_l1_0048,cinema,L1,wikidata,22,22,,,
25,cinema_l1_0050,cinema,L1,wikidata,225,225,,,
26,cinema_l1_0052,cinema,L1,wikidata,25,25,,,
27,cinema_l1_0054,cinema,L1,wikidata,8,8,,,
28,cinema_l1_0056,cinema,L1,wikidata,65,65,,,
29,cinema_l1_0058,cinema,L1,wikidata,101,101,,,
30,cinema_l1_0060,cinema,L1,wikidata,25,25,,,
31,cinema_l1_0062,cinema,L1,wikidata,6,6,,,
32,cinema_l1_0064,cinema,L1,wikidata,7,7,,,
33,cinema_l1_0066,cinema,L1,wikidata,9,9,,,
34,cinema_l1_0068,cinema,L1,wikidata,25,25,,,
35,cinema_l1_0070,cinema,L1,wikidata,66,66,,,
36,cinema_l1_0072,cinema,L1,wikidata,180,180,,,
37,cinema_l1_0074,cinema,L1,wikidata,540,540,,,
38,cinema_l1_0076,cinema,L1,wikidata,9,9,,,
39,cinema_l1_0078,cinema,L1,wikidata,9,9,,,
40,cinema_l2_0040,cinema,L2,wikidata,9,9,,,
41,cinema_l2_0042,cinema,L2,wikidata,7,7,,,
42,cinema_l2_0044,cinema,L2,wikidata,6,6,,,
43,cinema_l2_0046,cinema,L2,wikidata,8,8,,,
44,cinema_l2_0048,cinema,L2,wikidata,11,11,,,
45,cinema_l2_0050,cinema,L2,wikidata,7,7,,,
46,cinema_l2_0052,cinema,L2,wikidata,5,5,,,
47,cinema_l2_0054,cinema,L2,wikidata,6,6,,,
48,cinema_l2_0056,cinema,L2,wikidata,9,9,,,
49,cinema_l2_0058,cinema,L2,wikidata,6,6,,,
50,cinema_l2_0060,cinema,L2,wikidata,9,9,,,
51,cinema_l2_0062,cinema,L2,wikidata,7,7,,,
52,cinema_l2_0064,cinema,L2,wikidata,11,11,,,
53,cinema_l2_0066,cinema,L2,wikidata,11,11,,,
54,cinema_l2_0068,cinema,L2,wikidata,5,5,,,
55,cinema_l2_0070,cinema,L2,wikidata,5,5,,,
56,cinema_l2_0072,cinema,L2,wikidata,5,5,,,
57,cinema_l2_0074,cinema,L2,wikidata,6,6,,,
58,cinema_l2_0076,cinema,L2,wikidata,6,6,,,
59,cinema_l2_0078,cinema,L2,wikidata,11,11,,,
60,cinema_l2_0080,cinema,L2,wikidata,10,10,,,
61,cinema_l2_0082,cinema,L2,wikidata,5,5,,,
62,cinema_l2_0084,cinema,L2,wikidata,13,13,,,
63,cinema_l3_0071,cinema,L3,wikidata,5,5,,,
64,cinema_l3_0073,cinema,L3,wikidata,5,5,,,
65,cinema_l3_0075,cinema,L3,wikidata,5,5,,,
66,cinema_l4_0075,cinema,L4,wikidata,10,10,,,
67,cinema_l4_0077,cinema,L4,wikidata,23,23,,,
68,cinema_l4_0079,cinema,L4,wikidata,25,25,,,
69,cinema_l4_0081,cinema,L4,wikidata,25,25,,,
70,cinema_l4_0083,cinema,L4,wikidata,25,25,,,
71,cinema_l4_0085,cinema,L4,wikidata,25,25,,,
72,cinema_l4_0087,cinema,L4,wikidata,8,8,,,
73,cinema_l4_0089,cinema,L4,wikidata,25,25,,,
74,cinema_l4_0091,cinema,L4,wikidata,9,9,,,
75,cinema_l5_0084,cinema,L5,wikidata,49,49,,,
76,cinema_l4_0095,cinema,L4,wikidata,21,21,,,
77,cinema_l5_0086,cinema,L5,wikidata,25,25,,,
78,cinema_l4_0097,cinema,L4,wikidata,25,25,,,
79,cinema_l4_0099,cinema,L4,wikidata,25,25,,,
80,cinema_l4_0101,cinema,L4,wikidata,25,25,,,
81,cinema_l5_0088,cinema,L5,wikidata,6,6,,,
82,cinema_l4_0105,cinema,L4,wikidata,25,25,,,
83,cinema_l4_0107,cinema,L4,wikidata,25,25,,,
84,cinema_l5_0090,cinema,L5,wikidata,25,25,,,
85,cinema_l4_0109,cinema,L4,wikidata,25,25,,,
86,cinema_l4_0111,cinema,L4,wikidata,25,25,,,
87,cinema_l4_0113,cinema,L4,wikidata,25,25,,,
88,cinema_l5_0095,cinema,L5,wikidata,7,7,,,
89,cinema_l5_0092,cinema,L5,wikidata,28,28,,,
90,cinema_l5_0097,cinema,L5,wikidata,5,5,,,
91,cinema_l5_0099,cinema,L5,wikidata,25,25,,,
92,cinema_l5_0094,cinema,L5,wikidata,10,10,,,
93,cinema_l5_0105,cinema,L5,wikidata,6,6,,,
94,cinema_l5_0096,cinema,L5,wikidata,57,57,,,
95,cinema_l5_0098,cinema,L5,wikidata,25,25,,,
96,cinema_l5_0107,cinema,L5,wikidata,5,5,,,
97,cinema_l5_0100,cinema,L5,wikidata,25,25,,,
98,cinema_l5_0109,cinema,L5,wikidata,25,25,,,
99,cinema_l5_0111,cinema,L5,wikidata,8,8,,,
100,cinema_l5_0113,cinema,L5,wikidata,14,14,,,
101,cinema_l5_0102,cinema,L5,wikidata,6,6,,,
102,cinema_l1_0126,cinema,L1,wikidata,8,8,,,
103,countries_l2_00133,countries,L2,wikidata,3,3,,,
104,countries_l2_00135,countries,L2,wikidata,4,4,,,
105,countries_l2_00137,countries,L2,wikidata,3,3,,,
106,countries_l2_00139,countries,L2,wikidata,5,5,,,
107,countries_l2_00141,countries,L2,wikidata,4,4,,,
108,countries_l2_00143,countries,L2,wikidata,3,3,,,
109,countries_l2_00145,countries,L2,wikidata,3,3,,,
110,cinema_l5_length_0145,cinema,L5,wikidata,2,2,,,
111,cinema_l5_length_0147,cinema,L5,wikidata,3,3,,,
112,cinema_l5_length_0148,cinema,L5,wikidata,4,4,,,
113,cinema_l5_length_0150,cinema,L5,wikidata,4,4,,,
114,cinema_l5_length_0152,cinema,L5,wikidata,2,2,,,
115,cinema_l5_length_0154,cinema,L5,wikidata,2,2,,,
116,cinema_l5_length_0156,cinema,L5,wikidata,2,2,,,
117,cinema_l5_length_0158,cinema,L5,wikidata,2,2,,,
118,cinema_l5_length_0160,cinema,L5,wikidata,4,4,,,
119,cinema_l5_length_0162,cinema,L5,wikidata,2,2,,,
120,cinema_l5_length_0164,cinema,L5,wikidata,2,2,,,
121,cinema_l5_length_0166,cinema,L5,wikidata,5,5,,,
122,cinema_l5_length_0168,cinema,L5,wikidata,3,3,,,
123,countries_l1_00144,countries,L1,wikidata,6,6,,,
124,countries_l1_00146,countries,L1,wikidata,4,4,,,
125,countries_l1_00148,countries,L1,wikidata,6,6,,,
126,countries_l1_00150,countries,L1,wikidata,8,8,,,
127,countries_l1_00152,countries,L1,wikidata,60,60,,,
128,countries_l1_00154,countries,L1,wikidata,9,9,,,
129,countries_l1_00156,countries,L1,wikidata,55,55,,,
130,countries_l1_00158,countries,L1,wikidata,13,13,,,
131,countries_l1_00160,countries,L1,wikidata,23,23,,,
132,countries_l1_00162,countries,L1,wikidata,4,4,,,
133,countries_l2_00154,countries,L2,wikidata,3,3,,,
134,countries_l2_00156,countries,L2,wikidata,4,4,,,
135,countries_l2_00158,countries,L2,wikidata,3,3,,,
136,countries_l2_00160,countries,L2,wikidata,3,3,,,
137,countries_l2_00162,countries,L2,wikidata,7,7,,,
138,countries_l2_00164,countries,L2,wikidata,4,4,,,
139,countries_l2_00166,countries,L2,wikidata,3,3,,,
140,countries_l2_00168,countries,L2,wikidata,3,3,,,
141,countries_l2_00170,countries,L2,wikidata,4,4,,,
142,countries_l2_00174,countries,L2,wikidata,10,10,,,
143,countries_l2_00180,countries,L2,wikidata,6,6,,,
144,countries_l3_00169,countries,L3,wikidata,6,6,,,
145,countries_l3_00171,countries,L3,wikidata,3,3,,,
146,countries_l3_00173,countries,L3,wikidata,42,42,,,
147,countries_l3_00175,countries,L3,wikidata,3,3,,,
148,countries_l3_00177,countries,L3,wikidata,6,6,,,
149,countries_l3_00179,countries,L3,wikidata,5,5,,,
150,countries_l3_00181,countries,L3,wikidata,8,8,,,
151,countries_l3_00183,countries,L3,wikidata,8,8,,,
152,countries_l3_00185,countries,L3,wikidata,9,9,,,
153,countries_l3_00187,countries,L3,wikidata,16,16,,,
154,countries_l3_00189,countries,L3,wikidata,7,7,,,
155,countries_l3_00191,countries,L3,wikidata,3,3,,,
156,countries_l3_00193,countries,L3,wikidata,25,25,,,
157,countries_l3_00195,countries,L3,wikidata,10,10,,,
158,countries_l3_00197,countries,L3,wikidata,10,10,,,
159,countries_l3_00199,countries,L3,wikidata,3,3,,,
160,countries_l3_00201,countries,L3,wikidata,22,22,,,
161,countries_l3_00203,countries,L3,wikidata,4,4,,,
162,countries_l3_00205,countries,L3,wikidata,3,3,,,
163,countries_l3_00207,countries,L3,wikidata,6,6,,,
164,countries_l3_00209,countries,L3,wikidata,7,7,,,
165,countries_l3_00211,countries,L3,wikidata,6,6,,,
166,countries_l3_00213,countries,L3,wikidata,3,3,,,
167,countries_l3_00215,countries,L3,wikidata,3,3,,,
168,countries_l3_00217,countries,L3,wikidata,7,7,,,
169,countries_l4_00194,countries,L4,wikidata,3,3,,,
170,countries_l4_00222,countries,L4,wikidata,1,1,,,
171,countries_l5_00209,countries,L5,wikidata,1,1,,,
172,countries_l5_00211,countries,L5,wikidata,1,1,,,
173,countries_l5_00213,countries,L5,wikidata,1,1,,,
174,countries_l5_00217,countries,L5,wikidata,1,1,,,
175,countries_l5_00144,countries,L5,wikidata,1,1,,,
176,countries_l5_00148,countries,L5,wikidata,4,4,,,
177,countries_l5_00150,countries,L5,wikidata,1,1,,,
178,countries_l5_00152,countries,L5,wikidata,5,5,,,
179,countries_l5_00154,countries,L5,wikidata,1,1,,,
180,countries_l5_00158,countries,L5,wikidata,1,1,,,
181,dishes_l1_00144,dishes,L1,wikidata,8,8,,,
182,dishes_l1_00146,dishes,L1,wikidata,70,70,,,
183,dishes_l1_00148,dishes,L1,wikidata,7,7,,,
184,dishes_l1_00150,dishes,L1,wikidata,8,8,,,
185,dishes_l1_00152,dishes,L1,wikidata,5,5,,,
186,dishes_l1_00154,dishes,L1,wikidata,80,80,,,
187,dishes_l1_00156,dishes,L1,wikidata,10,10,,,
188,dishes_l1_00158,dishes,L1,wikidata,13,13,,,
189,dishes_l1_00160,dishes,L1,wikidata,52,52,,,
190,dishes_l1_00162,dishes,L1,wikidata,19,19,,,
191,dishes_l1_00164,dishes,L1,wikidata,6,6,,,
192,dishes_l1_00166,dishes,L1,wikidata,10,10,,,
193,dishes_l1_00168,dishes,L1,wikidata,6,6,,,
194,dishes_l1_00170,dishes,L1,wikidata,8,8,,,
195,dishes_l1_00172,dishes,L1,wikidata,5,5,,,
196,dishes_l2_00159,dishes,L2,wikidata,4,4,,,
197,cinema_l3_kp_0144,cinema,L3,wikidata,250,249,,,
198,cinema_l3_kp_0146,cinema,L3,wikidata,250,250,,,
199,cinema_l3_kp_0148,cinema,L3,wikidata,250,250,,,
200,cinema_l3_kp_0150,cinema,L3,wikidata,154,154,,,
201,cinema_l3_kp_0152,cinema,L3,wikidata,250,249,,,
202,cinema_l3_kp_0154,cinema,L3,wikidata,250,250,,,
203,cinema_l3_kp_0156,cinema,L3,wikidata,250,250,,,
204,cinema_l3_kp_0158,cinema,L3,wikidata,232,232,,,
205,cinema_l3_kp_0160,cinema,L3,wikidata,209,209,,,
206,cinema_l4_kp_0153,cinema,L4,wikidata,2,2,,,
207,cinema_l4_kp_0155,cinema,L4,wikidata,3,3,,,
208,cinema_l4_kp_0157,cinema,L4,wikidata,2,2,,,
209,cinema_l4_kp_0159,cinema,L4,wikidata,3,3,,,
210,cinema_l4_kp_0161,cinema,L4,wikidata,3,3,,,
211,cinema_l4_kp_0163,cinema,L4,wikidata,2,2,,,
212,cinema_l4_kp_0165,cinema,L4,wikidata,2,2,,,
213,cinema_l4_kp_0167,cinema,L4,wikidata,3,3,,,
214,cinema_l4_kp_0169,cinema,L4,wikidata,2,2,,,
215,cinema_l4_kp_0171,cinema,L4,wikidata,4,4,,,
216,cinema_l4_kp_0173,cinema,L4,wikidata,3,3,,,
217,cinema_l4_kp_0175,cinema,L4,wikidata,2,2,,,
218,cinema_l4_kp_0177,cinema,L4,wikidata,4,4,,,
219,cinema_l4_kp_0179,cinema,L4,wikidata,2,2,,,
220,cinema_l4_kp_0181,cinema,L4,wikidata,3,3,,,
221,cinema_l4_kp_0183,cinema,L4,wikidata,4,4,,,
222,cinema_l4_kp_0185,cinema,L4,wikidata,2,2,,,
223,cinema_l4_kp_0187,cinema,L4,wikidata,4,4,,,
224,cinema_l4_kp_0189,cinema,L4,wikidata,2,2,,,
225,cinema_l4_kp_0191,cinema,L4,wikidata,2,2,,,
226,cinema_l4_kp_0193,cinema,L4,wikidata,2,2,,,
227,cinema_l4_kp_0195,cinema,L4,wikidata,4,4,,,
228,cinema_l4_kp_0197,cinema,L4,wikidata,4,4,,,
229,cinema_l4_kp_0199,cinema,L4,wikidata,3,3,,,
230,cinema_l4_kp_0201,cinema,L4,wikidata,3,3,,,
231,cinema_l4_kp_0203,cinema,L4,wikidata,2,2,,,
232,cinema_l4_kp_0205,cinema,L4,wikidata,3,3,,,
233,cinema_l4_kp_0207,cinema,L4,wikidata,3,3,,,
234,cinema_l4_kp_0209,cinema,L4,wikidata,2,2,,,
235,cinema_l4_kp_0211,cinema,L4,wikidata,5,5,,,
236,cinema_l4_kp_0213,cinema,L4,wikidata,2,2,,,
237,cinema_l4_kp_0215,cinema,L4,wikidata,2,2,,,
238,cinema_l4_kp_0217,cinema,L4,wikidata,2,2,,,
239,cinema_l4_kp_0219,cinema,L4,wikidata,5,5,,,
240,cinema_l4_kp_0221,cinema,L4,wikidata,2,2,,,
241,cinema_l4_kp_0223,cinema,L4,wikidata,2,2,,,
242,cinema_l4_kp_0225,cinema,L4,wikidata,3,3,,,
243,cinema_l4_kp_0227,cinema,L4,wikidata,4,4,,,
244,cinema_l4_kp_0229,cinema,L4,wikidata,2,2,,,
245,cinema_l5_kp_0144,cinema,L5,wikidata,3,3,,,
246,dishes_l2_00144,dishes,L2,wikidata,49,49,,,
247,dishes_l2_00146,dishes,L2,wikidata,68,68,,,
248,dishes_l2_00148,dishes,L2,wikidata,118,118,,,
249,dishes_l2_00150,dishes,L2,wikidata,4,4,,,
250,dishes_l2_00152,dishes,L2,wikidata,11,11,,,
251,dishes_l2_00154,dishes,L2,wikidata,3,3,,,
252,dishes_l2_00156,dishes,L2,wikidata,31,31,,,
253,dishes_l2_00158,dishes,L2,wikidata,49,49,,,
254,dishes_l2_00160,dishes,L2,wikidata,4,4,,,
255,dishes_l2_00162,dishes,L2,wikidata,67,67,,,
256,dishes_l2_00164,dishes,L2,wikidata,3,3,,,
257,dishes_l2_00166,dishes,L2,wikidata,3,3,,,
258,dishes_l2_00168,dishes,L2,wikidata,41,41,,,
259,dishes_l2_00170,dishes,L2,wikidata,28,28,,,
260,dishes_l2_00172,dishes,L2,wikidata,36,36,,,
261,dishes_l2_00174,dishes,L2,wikidata,49,49,,,
262,dishes_l2_00176,dishes,L2,wikidata,37,37,,,
263,dishes_l2_00178,dishes,L2,wikidata,30,30,,,
264,dishes_l2_00180,dishes,L2,wikidata,5,5,,,
265,dishes_l2_00182,dishes,L2,wikidata,4,4,,,
266,dishes_l3_00148,dishes,L3,wikidata,22,22,,,
267,dishes_l3_00150,dishes,L3,wikidata,14,14,,,
268,dishes_l3_00152,dishes,L3,wikidata,32,32,,,
269,dishes_l3_00154,dishes,L3,wikidata,5,5,,,
270,dishes_l3_00156,dishes,L3,wikidata,133,133,,,
271,dishes_l3_00158,dishes,L3,wikidata,63,63,,,
272,dishes_l3_00160,dishes,L3,wikidata,80,80,,,
273,dishes_l3_00162,dishes,L3,wikidata,18,18,,,
274,dishes_l3_00164,dishes,L3,wikidata,10,10,,,
275,dishes_l3_00166,dishes,L3,wikidata,156,156,,,
276,dishes_l3_00168,dishes,L3,wikidata,11,11,,,
277,dishes_l3_00170,dishes,L3,wikidata,16,16,,,
278,dishes_l3_00172,dishes,L3,wikidata,6,6,,,
279,dishes_l3_00174,dishes,L3,wikidata,84,84,,,
280,dishes_l3_00176,dishes,L3,wikidata,51,51,,,
281,dishes_l3_00178,dishes,L3,wikidata,52,52,,,
282,dishes_l3_00180,dishes,L3,wikidata,12,12,,,
283,dishes_l3_00182,dishes,L3,wikidata,10,10,,,
284,dishes_l3_00184,dishes,L3,wikidata,5,5,,,
285,dishes_l3_00186,dishes,L3,wikidata,20,20,,,
286,dishes_l3_00188,dishes,L3,wikidata,6,6,,,
287,dishes_l3_00190,dishes,L3,wikidata,12,12,,,
288,dishes_l3_00192,dishes,L3,wikidata,59,59,,,
289,dishes_l3_00194,dishes,L3,wikidata,18,18,,,
290,dishes_l3_00196,dishes,L3,wikidata,17,17,,,
291,dishes_l3_00198,dishes,L3,wikidata,7,7,,,
292,dishes_l3_00200,dishes,L3,wikidata,13,13,,,
293,dishes_l3_00202,dishes,L3,wikidata,36,36,,,
294,dishes_l3_00204,dishes,L3,wikidata,86,86,,,
295,dishes_l3_00206,dishes,L3,wikidata,9,9,,,
296,dishes_l4_00178,dishes,L4,wikidata,2,2,,,
297,dishes_l4_00182,dishes,L4,wikidata,6,6,,,
298,dishes_l4_00184,dishes,L4,wikidata,3,3,,,
299,dishes_l4_00188,dishes,L4,wikidata,2,2,,,
300,dishes_l4_00190,dishes,L4,wikidata,2,2,,,
301,dishes_l4_00192,dishes,L4,wikidata,2,2,,,
302,dishes_l4_00194,dishes,L4,wikidata,10,10,,,
303,dishes_l4_00196,dishes,L4,wikidata,4,4,,,
304,dishes_l4_00198,dishes,L4,wikidata,15,15,,,
305,dishes_l4_00200,dishes,L4,wikidata,1,1,,,
306,dishes_l4_00202,dishes,L4,wikidata,3,3,,,
307,dishes_l4_00204,dishes,L4,wikidata,4,4,,,
308,dishes_l4_00206,dishes,L4,wikidata,8,8,,,
309,dishes_l4_00208,dishes,L4,wikidata,7,7,,,
310,dishes_l4_00210,dishes,L4,wikidata,1,1,,,
311,dishes_l4_00212,dishes,L4,wikidata,6,6,,,
312,dishes_l4_00214,dishes,L4,wikidata,3,3,,,
313,dishes_l4_00216,dishes,L4,wikidata,3,3,,,
314,dishes_l4_00218,dishes,L4,wikidata,1,1,,,
315,dishes_l5_00200,dishes,L5,wikidata,1,1,,,
316,dishes_l5_00202,dishes,L5,wikidata,1,1,,,
317,dishes_l5_00204,dishes,L5,wikidata,1,1,,,
318,dishes_l5_00206,dishes,L5,wikidata,1,1,,,
319,dishes_l5_00208,dishes,L5,wikidata,2,2,,,
320,dishes_l5_00210,dishes,L5,wikidata,1,1,,,
321,dishes_l5_00212,dishes,L5,wikidata,1,1,,,
322,dishes_l5_00214,dishes,L5,wikidata,1,1,,,
323,dishes_l5_00216,dishes,L5,wikidata,2,2,,,
324,dishes_l5_00218,dishes,L5,wikidata,3,3,,,
325,dishes_l5_00220,dishes,L5,wikidata,1,1,,,
326,dishes_l5_00222,dishes,L5,wikidata,1,1,,,
327,dishes_l5_00224,dishes,L5,wikidata,1,1,,,
328,dishes_l5_00226,dishes,L5,wikidata,1,1,,,
329,dishes_l5_00228,dishes,L5,wikidata,1,1,,,
330,spacecraft_l1_0150,spacecraft,L1,wikidata,16,16,,,
331,sports_clubs_l1_0150,sports_clubs,L1,wikidata,92,81,,,
332,sports_clubs_l1_0152,sports_clubs,L1,wikidata,137,137,,,
333,sports_clubs_l1_0154,sports_clubs,L1,wikidata,405,397,,,
334,sports_clubs_l1_0156,sports_clubs,L1,wikidata,173,168,,,
335,sports_clubs_l1_0158,sports_clubs,L1,wikidata,44,44,,,
336,sports_clubs_l1_0160,sports_clubs,L1,wikidata,607,516,,,
337,sports_clubs_l1_0162,sports_clubs,L1,wikidata,374,365,,,
338,sports_clubs_l1_0164,sports_clubs,L1,wikidata,217,216,,,
339,sports_clubs_l1_0166,sports_clubs,L1,wikidata,403,403,,,
340,sports_clubs_l1_0168,sports_clubs,L1,wikidata,273,272,,,
341,sports_clubs_l1_0170,sports_clubs,L1,wikidata,24,24,,,
342,sports_clubs_l1_0172,sports_clubs,L1,wikidata,415,415,,,
343,sports_clubs_l1_0174,sports_clubs,L1,wikidata,59,56,,,
344,sports_clubs_l1_0176,sports_clubs,L1,wikidata,148,148,,,
345,sports_clubs_l1_0178,sports_clubs,L1,wikidata,6,6,,,
346,sports_clubs_l2_0165,sports_clubs,L2,wikidata,18,17,,,
347,sports_clubs_l2_0167,sports_clubs,L2,wikidata,30,30,,,
348,sports_clubs_l2_0169,sports_clubs,L2,wikidata,21,19,,,
349,sports_clubs_l2_0171,sports_clubs,L2,wikidata,115,115,,,
350,sports_clubs_l2_0173,sports_clubs,L2,wikidata,10,10,,,
351,sports_clubs_l2_0175,sports_clubs,L2,wikidata,19,18,,,
352,sports_clubs_l2_0177,sports_clubs,L2,wikidata,15,15,,,
353,sports_clubs_l2_0179,sports_clubs,L2,wikidata,30,30,,,
354,sports_clubs_l2_0181,sports_clubs,L2,wikidata,18,18,,,
355,sports_clubs_l2_0183,sports_clubs,L2,wikidata,16,16,,,
356,sports_clubs_l2_0185,sports_clubs,L2,wikidata,24,24,,,
357,sports_clubs_l2_0187,sports_clubs,L2,wikidata,18,18,,,
358,sports_clubs_l3_0179,sports_clubs,L3,wikidata,6,6,,,
359,sports_clubs_l3_0181,sports_clubs,L3,wikidata,5,5,,,
360,sports_clubs_l3_0183,sports_clubs,L3,wikidata,49,49,,,
361,museums_l1_0153,museums,L1,wikidata,76,76,,,
362,museums_l1_0155,museums,L1,wikidata,14,14,,,
363,museums_l1_0157,museums,L1,wikidata,38,38,,,
364,museums_l1_0159,museums,L1,wikidata,43,42,,,
365,museums_l1_0161,museums,L1,wikidata,110,109,,,
366,museums_l1_0163,museums,L1,wikidata,48,48,,,
367,museums_l1_0165,museums,L1,wikidata,18,18,,,
368,museums_l1_0167,museums,L1,wikidata,12,12,,,
369,museums_l1_0169,museums,L1,wikidata,27,27,,,
370,museums_l1_0171,museums,L1,wikidata,324,323,,,
371,people_l1_0153,people,L1,wikidata,250,250,,,
372,people_l1_0155,people,L1,wikidata,250,250,,,
373,people_l1_0157,people,L1,wikidata,249,249,,,
374,people_l1_0159,people,L1,wikidata,250,250,,,
375,people_l1_0161,people,L1,wikidata,318,318,,,
376,people_l1_0163,people,L1,wikidata,213,213,,,
377,people_l1_0165,people,L1,wikidata,249,249,,,
378,people_l1_0167,people,L1,wikidata,591,590,,,
379,people_l1_0169,people,L1,wikidata,402,402,,,
380,people_l1_0171,people,L1,wikidata,250,250,,,
381,people_l1_0173,people,L1,wikidata,247,247,,,
382,people_l1_0175,people,L1,wikidata,249,248,,,
383,people_l1_0177,people,L1,wikidata,32,32,,,
384,people_l1_0179,people,L1,wikidata,250,250,,,
385,people_l1_0181,people,L1,wikidata,461,460,,,
386,people_l2_0168,people,L2,wikidata,43,43,,,
387,people_l2_0170,people,L2,wikidata,143,143,,,
388,people_l2_0172,people,L2,wikidata,56,56,,,
389,people_l2_0174,people,L2,wikidata,49,49,,,
390,people_l2_0176,people,L2,wikidata,94,94,,,
391,people_l2_0178,people,L2,wikidata,20,20,,,
392,people_l2_0180,people,L2,wikidata,29,29,,,
393,people_l2_0182,people,L2,wikidata,98,98,,,
394,people_l2_0184,people,L2,wikidata,5,5,,,
395,people_l2_0186,people,L2,wikidata,13,13,,,
396,people_l2_0188,people,L2,wikidata,32,32,,,
397,people_l2_0190,people,L2,wikidata,110,110,,,
398,people_l3_0180,people,L3,wikidata,35,35,,,
399,people_l3_0182,people,L3,wikidata,15,15,,,
400,people_l3_0184,people,L3,wikidata,34,34,,,
401,people_l3_0186,people,L3,wikidata,112,112,,,
402,people_l3_0188,people,L3,wikidata,175,175,,,
403,people_l3_0190,people,L3,wikidata,16,16,,,
404,people_l3_0192,people,L3,wikidata,18,18,,,
405,people_l3_0194,people,L3,wikidata,30,30,,,
406,people_l3_0196,people,L3,wikidata,10,10,,,
407,people_l3_0198,people,L3,wikidata,30,30,,,
408,people_l3_0200,people,L3,wikidata,32,32,,,
409,people_l3_0202,people,L3,wikidata,31,31,,,
410,people_l3_0204,people,L3,wikidata,15,15,,,
411,people_l3_0206,people,L3,wikidata,9,9,,,
412,people_l3_0208,people,L3,wikidata,147,147,,,
413,people_l2_0153,people,L2,wikidata,110,110,,,
414,people_l2_0155,people,L2,wikidata,408,408,,,
415,people_l2_0157,people,L2,wikidata,38,38,,,
416,people_l2_0159,people,L2,wikidata,30,30,,,
417,people_l2_0161,people,L2,wikidata,29,29,,,
418,people_l3_0158,people,L3,wikidata,49,49,,,
419,people_l3_0160,people,L3,wikidata,60,60,,,
420,people_l3_0162,people,L3,wikidata,19,19,,,
421,people_l3_0164,people,L3,wikidata,14,14,,,
422,people_l3_0166,people,L3,wikidata,44,44,,,
423,people_l3_0168,people,L3,wikidata,20,20,,,
424,people_l3_0170,people,L3,wikidata,20,20,,,
425,people_l3_0172,people,L3,wikidata,159,159,,,
426,people_l3_0174,people,L3,wikidata,20,20,,,
427,people_l3_0176,people,L3,wikidata,75,75,,,
428,people_l4_0168,people,L4,wikidata,7,7,,,
429,people_l4_0170,people,L4,wikidata,5,5,,,
430,people_l4_0172,people,L4,wikidata,6,6,,,
431,people_l4_0174,people,L4,wikidata,1,1,,,
432,people_l4_0176,people,L4,wikidata,6,6,,,
433,people_l4_0178,people,L4,wikidata,1,1,,,
434,people_l4_0180,people,L4,wikidata,7,7,,,
435,people_l4_0182,people,L4,wikidata,26,26,,,
436,people_l4_0184,people,L4,wikidata,4,4,,,
437,people_l4_0186,people,L4,wikidata,26,26,,,
438,physicists_l1_0155,physicists,L1,wikidata,300,300,,,
439,physicists_l1_0157,physicists,L1,wikidata,178,178,,,
440,physicists_l1_0159,physicists,L1,wikidata,243,243,,,
441,physicists_l1_0161,physicists,L1,wikidata,562,562,,,
442,physicists_l1_0163,physicists,L1,wikidata,559,556,,,
443,physicists_l1_0165,physicists,L1,wikidata,67,67,,,
444,physicists_l1_0167,physicists,L1,wikidata,224,224,,,
445,physicists_l1_0169,physicists,L1,wikidata,156,156,,,
446,physicists_l1_0171,physicists,L1,wikidata,663,663,,,
447,physicists_l1_0173,physicists,L1,wikidata,254,252,,,
448,physicists_l2_0165,physicists,L2,wikidata,40,40,,,
449,physicists_l2_0167,physicists,L2,wikidata,23,23,,,
450,physicists_l2_0169,physicists,L2,wikidata,8,8,,,
451,physicists_l2_0171,physicists,L2,wikidata,15,15,,,
452,physicists_l2_0173,physicists,L2,wikidata,6,6,,,
453,physicists_l2_0175,physicists,L2,wikidata,41,41,,,
454,physicists_l2_0177,physicists,L2,wikidata,14,14,,,
455,physicists_l2_0179,physicists,L2,wikidata,6,6,,,
456,physicists_l2_0181,physicists,L2,wikidata,21,21,,,
457,physicists_l2_0183,physicists,L2,wikidata,10,10,,,
458,physicists_l2_0185,physicists,L2,wikidata,16,16,,,
459,physicists_l2_0187,physicists,L2,wikidata,9,9,,,
460,physicists_l3_0179,physicists,L3,wikidata,82,82,,,
461,physicists_l3_0181,physicists,L3,wikidata,9,9,,,
462,physicists_l3_0183,physicists,L3,wikidata,13,13,,,
463,physicists_l3_0185,physicists,L3,wikidata,16,16,,,
464,physicists_l3_0187,physicists,L3,wikidata,61,61,,,
465,physicists_l3_0189,physicists,L3,wikidata,25,25,,,
466,physicists_l3_0191,physicists,L3,wikidata,9,9,,,
467,physicists_l3_0193,physicists,L3,wikidata,38,38,,,
468,physicists_l3_0195,physicists,L3,wikidata,13,13,,,
469,physicists_l3_0197,physicists,L3,wikidata,38,38,,,
470,physicists_l3_0199,physicists,L3,wikidata,5,5,,,
471,physicists_l3_0201,physicists,L3,wikidata,6,6,,,
472,physicists_l3_0203,physicists,L3,wikidata,20,20,,,
473,physicists_l3_0205,physicists,L3,wikidata,15,15,,,
474,physicists_l3_0207,physicists,L3,wikidata,7,7,,,
475,physicists_l4_0194,physicists,L4,wikidata,4,4,,,
476,physicists_l4_0196,physicists,L4,wikidata,4,4,,,
477,physicists_l4_0200,physicists,L4,wikidata,1,1,,,
478,physicists_l4_0202,physicists,L4,wikidata,11,11,,,
479,physicists_l4_0204,physicists,L4,wikidata,11,11,,,
480,physicists_l4_0206,physicists,L4,wikidata,1,1,,,
481,physicists_l4_0208,physicists,L4,wikidata,5,5,,,
482,physicists_l4_0210,physicists,L4,wikidata,5,5,,,
483,physicists_l4_0212,physicists,L4,wikidata,1,1,,,
484,physicists_l4_0214,physicists,L4,wikidata,1,1,,,
485,mathematicians_l1_0208,mathematicians,L1,wikidata,200,200,,,
486,mathematicians_l1_0210,mathematicians,L1,wikidata,716,716,,,
487,mathematicians_l1_0212,mathematicians,L1,wikidata,298,298,,,
488,mathematicians_l1_0214,mathematicians,L1,wikidata,334,333,,,
489,mathematicians_l1_0216,mathematicians,L1,wikidata,62,62,,,
490,mathematicians_l2_0213,mathematicians,L2,wikidata,8,8,,,
491,mathematicians_l2_0215,mathematicians,L2,wikidata,7,7,,,
492,mathematicians_l2_0217,mathematicians,L2,wikidata,24,24,,,
493,mathematicians_l2_0219,mathematicians,L2,wikidata,8,8,,,
494,mathematicians_l2_0221,mathematicians,L2,wikidata,40,40,,,
495,mathematicians_l2_0223,mathematicians,L2,wikidata,22,22,,,
496,mathematicians_l2_0225,mathematicians,L2,wikidata,92,92,,,
497,mathematicians_l2_0227,mathematicians,L2,wikidata,13,13,,,
498,mathematicians_l2_0229,mathematicians,L2,wikidata,12,12,,,
499,mathematicians_l2_0231,mathematicians,L2,wikidata,21,21,,,
500,mathematicians_l2_0233,mathematicians,L2,wikidata,13,13,,,
501,mathematicians_l2_0235,mathematicians,L2,wikidata,7,7,,,
502,mathematicians_l3_0227,mathematicians,L3,wikidata,16,16,,,
503,mathematicians_l3_0229,mathematicians,L3,wikidata,58,58,,,
504,mathematicians_l3_0231,mathematicians,L3,wikidata,15,15,,,
505,mathematicians_l3_0233,mathematicians,L3,wikidata,10,10,,,
506,mathematicians_l3_0235,mathematicians,L3,wikidata,8,8,,,
507,mathematicians_l3_0237,mathematicians,L3,wikidata,46,46,,,
508,mathematicians_l3_0239,mathematicians,L3,wikidata,57,57,,,
509,mathematicians_l3_0241,mathematicians,L3,wikidata,6,6,,,
510,mathematicians_l3_0243,mathematicians,L3,wikidata,10,10,,,
511,mathematicians_l3_0245,mathematicians,L3,wikidata,13,13,,,
512,mathematicians_l3_0247,mathematicians,L3,wikidata,24,24,,,
513,mathematicians_l3_0249,mathematicians,L3,wikidata,16,16,,,
514,mathematicians_l3_0251,mathematicians,L3,wikidata,34,34,,,
515,mathematicians_l3_0253,mathematicians,L3,wikidata,78,78,,,
516,mathematicians_l3_0255,mathematicians,L3,wikidata,7,7,,,
517,mathematicians_l4_0242,mathematicians,L4,wikidata,4,4,,,
518,mathematicians_l4_0244,mathematicians,L4,wikidata,9,9,,,
519,mathematicians_l4_0246,mathematicians,L4,wikidata,6,6,,,
520,mathematicians_l4_0248,mathematicians,L4,wikidata,1,1,,,
521,mathematicians_l4_0250,mathematicians,L4,wikidata,5,5,,,
522,mathematicians_l4_0252,mathematicians,L4,wikidata,4,4,,,
523,mathematicians_l4_0254,mathematicians,L4,wikidata,3,3,,,
524,mathematicians_l4_0256,mathematicians,L4,wikidata,7,7,,,
525,mathematicians_l4_0258,mathematicians,L4,wikidata,9,9,,,
526,mathematicians_l4_0260,mathematicians,L4,wikidata,6,6,,,
527,software_l1_0254,software,L1,wikidata,91,91,,,
528,videogames_l1_0165,videogames,L1,wikidata,155,155,,,
529,videogames_l1_0167,videogames,L1,wikidata,285,285,,,
530,videogames_l1_0169,videogames,L1,wikidata,5,5,,,
531,videogames_l1_0171,videogames,L1,wikidata,422,422,,,
532,videogames_l1_0173,videogames,L1,wikidata,329,329,,,
533,videogames_l1_0175,videogames,L1,wikidata,159,159,,,
534,airports_l1_0169,airports,L1,wikidata,52,52,,,
535,airports_l1_0171,airports,L1,wikidata,12,12,,,
536,airports_l1_0173,airports,L1,wikidata,91,91,,,
537,airports_l1_0175,airports,L1,wikidata,115,115,,,
538,airports_l1_0177,airports,L1,wikidata,211,210,,,
539,airports_l1_0179,airports,L1,wikidata,412,411,,,
540,airports_l1_0181,airports,L1,wikidata,667,663,,,
541,airports_l1_0183,airports,L1,wikidata,192,192,,,
542,airports_l1_0185,airports,L1,wikidata,487,485,,,
543,airports_l1_0187,airports,L1,wikidata,12,12,,,
544,airports_l1_0189,airports,L1,wikidata,30,30,,,
545,airports_l1_0191,airports,L1,wikidata,118,118,,,
546,airports_l2_0169,airports,L2,wikidata,45,45,,,
547,airports_l2_0171,airports,L2,wikidata,12,12,,,
548,airports_l2_0173,airports,L2,wikidata,87,87,,,
549,airports_l2_0175,airports,L2,wikidata,107,107,,,
550,airports_l2_0177,airports,L2,wikidata,179,179,,,
551,airports_l2_0179,airports,L2,wikidata,332,331,,,
552,airports_l2_0181,airports,L2,wikidata,653,649,,,
553,airports_l2_0183,airports,L2,wikidata,189,189,,,
554,airports_l2_0185,airports,L2,wikidata,481,479,,,
555,airports_l2_0187,airports,L2,wikidata,615,614,,,
556,airports_l2_0189,airports,L2,wikidata,26,26,,,
557,airports_l2_0191,airports,L2,wikidata,99,99,,,
558,airports_l3_0181,airports,L3,wikidata,43,43,,,
559,airports_l3_0183,airports,L3,wikidata,58,58,,,
560,airports_l3_0185,airports,L3,wikidata,54,54,,,
561,airports_l3_0187,airports,L3,wikidata,7,7,,,
562,airports_l3_0189,airports,L3,wikidata,10,10,,,
563,airports_l3_0191,airports,L3,wikidata,5,5,,,
564,airports_l3_0193,airports,L3,wikidata,9,9,,,
565,airports_l3_0195,airports,L3,wikidata,12,12,,,
566,airports_l3_0197,airports,L3,wikidata,28,28,,,
567,airports_l3_0199,airports,L3,wikidata,17,17,,,
568,airports_l4_0169,airports,L4,wikidata,8,8,,,
569,airports_l4_0171,airports,L4,wikidata,2,2,,,
570,airports_l4_0173,airports,L4,wikidata,3,3,,,
571,airports_l4_0175,airports,L4,wikidata,8,8,,,
572,airports_l4_0177,airports,L4,wikidata,3,3,,,
573,airports_l4_0179,airports,L4,wikidata,5,5,,,
574,airports_l4_0181,airports,L4,wikidata,27,27,,,
575,airports_l4_0183,airports,L4,wikidata,14,14,,,
576,cars_l1_0171,cars,L1,wikidata,12,12,,,
577,cars_l1_0173,cars,L1,wikidata,11,11,,,
578,cars_l1_0175,cars,L1,wikidata,11,11,,,
579,cars_l1_0177,cars,L1,wikidata,768,767,,,
580,cars_l1_0179,cars,L1,wikidata,218,218,,,
581,cars_l1_0181,cars,L1,wikidata,12,12,,,
582,cars_l1_0183,cars,L1,wikidata,12,12,,,
583,cars_l1_0185,cars,L1,wikidata,11,11,,,
584,cars_l2_0171,cars,L2,wikidata,11,11,,,
585,cars_l2_0173,cars,L2,wikidata,17,17,,,
586,cars_l2_0175,cars,L2,wikidata,7,7,,,
587,cars_l2_0177,cars,L2,wikidata,5,5,,,
588,cars_l2_0179,cars,L2,wikidata,22,22,,,
589,cars_l2_0181,cars,L2,wikidata,7,7,,,
590,cars_l2_0183,cars,L2,wikidata,52,52,,,
591,cars_l2_0185,cars,L2,wikidata,5,5,,,
592,cars_l2_0187,cars,L2,wikidata,54,54,,,
593,cars_l2_0189,cars,L2,wikidata,14,14,,,
594,cars_l2_0191,cars,L2,wikidata,21,21,,,
595,cars_l2_0193,cars,L2,wikidata,39,39,,,
596,cars_l3_0183,cars,L3,wikidata,20,20,,,
597,cars_l3_0185,cars,L3,wikidata,9,9,,,
598,cars_l3_0187,cars,L3,wikidata,5,5,,,
599,cars_l3_0189,cars,L3,wikidata,7,7,,,
600,cars_l3_0191,cars,L3,wikidata,15,15,,,
601,cars_l3_0193,cars,L3,wikidata,12,12,,,
602,cars_l3_0195,cars,L3,wikidata,10,10,,,
603,cars_l3_0197,cars,L3,wikidata,11,11,,,
604,cars_l3_0199,cars,L3,wikidata,17,17,,,
605,cars_l3_0201,cars,L3,wikidata,6,6,,,
606,cars_l3_0203,cars,L3,wikidata,8,8,,,
607,cars_l3_0205,cars,L3,wikidata,14,14,,,
608,cars_l3_0207,cars,L3,wikidata,7,7,,,
609,cars_l3_0209,cars,L3,wikidata,27,27,,,
610,cars_l3_0211,cars,L3,wikidata,11,11,,,
611,cars_l4_0198,cars,L4,wikidata,75,75,,,
612,cars_l4_0200,cars,L4,wikidata,36,36,,,
613,cars_l4_0202,cars,L4,wikidata,40,40,,,
614,cars_l4_0204,cars,L4,wikidata,78,78,,,
615,cars_l4_0206,cars,L4,wikidata,77,77,,,
616,cars_l4_0208,cars,L4,wikidata,63,63,,,
617,cars_l4_0210,cars,L4,wikidata,16,16,,,
618,cars_l4_0212,cars,L4,wikidata,116,116,,,
619,cars_l4_0214,cars,L4,wikidata,29,29,,,
620,cars_l4_0216,cars,L4,wikidata,29,29,,,
621,universities_l1_0173,universities,L1,wikidata,335,326,,,
622,universities_l1_0175,universities,L1,wikidata,12,12,,,
623,universities_l1_0177,universities,L1,wikidata,455,455,,,
624,universities_l1_0179,universities,L1,wikidata,54,54,,,
625,universities_l1_0181,universities,L1,wikidata,338,338,,,
626,universities_l1_0183,universities,L1,wikidata,39,39,,,
627,universities_l1_0185,universities,L1,wikidata,67,67,,,
628,universities_l1_0187,universities,L1,wikidata,37,36,,,
629,universities_l1_0189,universities,L1,wikidata,268,268,,,
630,universities_l1_0191,universities,L1,wikidata,326,322,,,
631,universities_l2_0183,universities,L2,wikidata,203,202,,,
632,universities_l2_0185,universities,L2,wikidata,155,155,,,
633,universities_l2_0189,universities,L2,wikidata,492,492,,,
634,universities_l2_0197,universities,L2,wikidata,419,419,,,
635,universities_l2_0201,universities,L2,wikidata,29,28,,,
636,universities_l2_0205,universities,L2,wikidata,121,121,,,
637,universities_l3_0195,universities,L3,wikidata,20,20,,,
638,universities_l3_0197,universities,L3,wikidata,123,123,,,
639,universities_l3_0199,universities,L3,wikidata,29,29,,,
640,universities_l3_0201,universities,L3,wikidata,138,138,,,
641,universities_l3_0209,universities,L3,wikidata,11,11,,,
642,universities_l3_0211,universities,L3,wikidata,15,15,,,
643,universities_l3_0213,universities,L3,wikidata,38,38,,,
644,universities_l3_0215,universities,L3,wikidata,28,28,,,
645,universities_l3_0217,universities,L3,wikidata,38,38,,,
646,universities_l3_0223,universities,L3,wikidata,180,180,,,
647,universities_l4_0212,universities,L4,wikidata,762,759,,,
648,universities_l4_0214,universities,L4,wikidata,39,37,,,
649,universities_l4_0216,universities,L4,wikidata,46,46,,,
650,universities_l4_0218,universities,L4,wikidata,14,14,,,
651,universities_l4_0220,universities,L4,wikidata,38,38,,,
652,universities_l4_0222,universities,L4,wikidata,9,9,,,
653,universities_l4_0224,universities,L4,wikidata,62,62,,,
654,universities_l4_0226,universities,L4,wikidata,93,93,,,
655,universities_l4_0228,universities,L4,wikidata,15,15,,,
656,smartphones_l1_00175,smartphones,L1,wikidata,47,47,,,
657,smartphones_l1_00178,smartphones,L1,wikidata,10,10,,,
658,smartphones_l1_00180,smartphones,L1,wikidata,6,6,,,
659,smartphones_l1_00182,smartphones,L1,wikidata,24,24,,,
660,smartphones_l1_00184,smartphones,L1,wikidata,17,17,,,
661,smartphones_l1_00186,smartphones,L1,wikidata,12,12,,,
662,smartphones_l1_00188,smartphones,L1,wikidata,11,11,,,
663,smartphones_l1_00190,smartphones,L1,wikidata,44,44,,,
664,smartphones_l2_00185,smartphones,L2,wikidata,9,9,,,
665,smartphones_l2_00187,smartphones,L2,wikidata,9,9,,,
666,smartphones_l2_00189,smartphones,L2,wikidata,7,7,,,
667,smartphones_l2_00191,smartphones,L2,wikidata,10,10,,,
668,smartphones_l2_00193,smartphones,L2,wikidata,6,6,,,
669,smartphones_l2_00197,smartphones,L2,wikidata,14,14,,,
670,smartphones_l2_00199,smartphones,L2,wikidata,5,5,,,
671,smartphones_l2_00201,smartphones,L2,wikidata,13,13,,,
672,smartphones_l3_00195,smartphones,L3,wikidata,15,15,,,
673,smartphones_l3_00197,smartphones,L3,wikidata,8,8,,,
674,smartphones_l3_00199,smartphones,L3,wikidata,14,14,,,
675,smartphones_l3_00201,smartphones,L3,wikidata,30,30,,,
676,smartphones_l3_00205,smartphones,L3,wikidata,10,10,,,
677,smartphones_l3_00207,smartphones,L3,wikidata,6,6,,,
678,smartphones_l3_00209,smartphones,L3,wikidata,8,8,,,
679,smartphones_l3_00217,smartphones,L3,wikidata,40,40,,,
680,smartphones_l3_00219,smartphones,L3,wikidata,6,6,,,
681,smartphones_l4_00210,smartphones,L4,wikidata,11,11,,,
682,smartphones_l4_00212,smartphones,L4,wikidata,5,5,,,
683,smartphones_l4_00214,smartphones,L4,wikidata,13,13,,,
684,smartphones_l4_00218,smartphones,L4,wikidata,11,11,,,
685,smartphones_l4_00220,smartphones,L4,wikidata,15,15,,,
686,smartphones_l4_00222,smartphones,L4,wikidata,6,6,,,
687,smartphones_l5_00225,smartphones,L5,wikidata,3,3,,,
688,paintings_l1_0178,paintings,L1,wikidata,147,130,,,
689,paintings_l1_0180,paintings,L1,wikidata,60,60,,,
690,paintings_l1_0182,paintings,L1,wikidata,53,53,,,
691,paintings_l1_0184,paintings,L1,wikidata,8,7,,,
692,paintings_l1_0186,paintings,L1,wikidata,118,114,,,
693,paintings_l1_0188,paintings,L1,wikidata,49,47,,,
694,paintings_l1_0190,paintings,L1,wikidata,117,116,,,
695,paintings_l1_0192,paintings,L1,wikidata,17,13,,,
696,paintings_l1_0194,paintings,L1,wikidata,8,7,,,
697,paintings_l1_0196,paintings,L1,wikidata,224,221,,,
698,paintings_l2_0188,paintings,L2,wikidata,8,8,,,
699,paintings_l2_0190,paintings,L2,wikidata,21,21,,,
700,paintings_l2_0192,paintings,L2,wikidata,5,5,,,
701,paintings_l2_0194,paintings,L2,wikidata,20,20,,,
702,paintings_l2_0196,paintings,L2,wikidata,22,18,,,
703,paintings_l2_0198,paintings,L2,wikidata,50,49,,,
704,paintings_l2_0200,paintings,L2,wikidata,36,36,,,
705,paintings_l2_0202,paintings,L2,wikidata,6,6,,,
706,paintings_l2_0204,paintings,L2,wikidata,43,41,,,
707,paintings_l2_0206,paintings,L2,wikidata,110,104,,,
708,paintings_l2_0208,paintings,L2,wikidata,15,13,,,
709,paintings_l2_0210,paintings,L2,wikidata,3,3,,,
710,paintings_l3_0200,paintings,L3,wikidata,108,106,,,
711,paintings_l3_0202,paintings,L3,wikidata,19,13,,,
712,paintings_l3_0178,paintings,L3,wikidata,75,64,,,
713,paintings_l3_0180,paintings,L3,wikidata,278,259,,,
714,paintings_l3_0182,paintings,L3,wikidata,10,10,,,
715,paintings_l3_0184,paintings,L3,wikidata,4,4,,,
716,paintings_l3_0186,paintings,L3,wikidata,6,6,,,
717,paintings_l3_0188,paintings,L3,wikidata,28,28,,,
718,paintings_l3_0190,paintings,L3,wikidata,498,493,,,
719,paintings_l3_0192,paintings,L3,wikidata,2,2,,,
720,paintings_l3_0194,paintings,L3,wikidata,161,152,,,
721,paintings_l3_0196,paintings,L3,wikidata,16,16,,,
722,paintings_l3_0198,paintings,L3,wikidata,112,103,,,
723,paintings_l3_0204,paintings,L3,wikidata,171,167,,,
724,paintings_l3_0206,paintings,L3,wikidata,61,55,,,
725,paintings_l4_0193,paintings,L4,wikidata,3,3,,,
726,paintings_l4_0195,paintings,L4,wikidata,1,1,,,
727,paintings_l4_0197,paintings,L4,wikidata,2,2,,,
728,paintings_l4_0199,paintings,L4,wikidata,2,2,,,
729,paintings_l4_0201,paintings,L4,wikidata,1,1,,,
730,paintings_l4_0205,paintings,L4,wikidata,2,2,,,
731,paintings_l4_0208,paintings,L4,wikidata,3,3,,,
732,paintings_l4_0210,paintings,L4,wikidata,2,2,,,
733,paintings_l4_0212,paintings,L4,wikidata,2,2,,,
734,geo_ru_l1_0185,geo_ru,L1,wikidata,9,6,,,
735,geo_ru_l1_0191,geo_ru,L1,wikidata,6,6,,,
736,geo_ru_l1_0193,geo_ru,L1,wikidata,3,3,,,
737,geo_ru_l1_0195,geo_ru,L1,wikidata,6,5,,,
738,geo_ru_l1_0197,geo_ru,L1,wikidata,10,3,,,
739,geo_ru_l2_0195,geo_ru,L2,wikidata,69,69,,,
740,geo_ru_l2_0207,geo_ru,L2,wikidata,4,4,,,
741,geo_ru_l2_0217,geo_ru,L2,wikidata,3,3,,,
742,geo_ru_l3_0206,geo_ru,L3,wikidata,4,4,,,
743,geo_ru_l3_0212,geo_ru,L3,wikidata,87,87,,,
744,geo_ru_l3_0214,geo_ru,L3,wikidata,115,115,,,
745,geo_ru_l4_0221,geo_ru,L4,wikidata,2,2,,,
746,geo_ru_l4_0223,geo_ru,L4,wikidata,4,4,,,
747,geo_ru_l4_0225,geo_ru,L4,wikidata,2,2,,,
748,geo_ru_l4_0237,geo_ru,L4,wikidata,4,4,,,
749,geo_ru_l4_0239,geo_ru,L4,wikidata,3,3,,,
750,geo_ru_l4_0241,geo_ru,L4,wikidata,2,2,,,
751,geo_ru_l4_0243,geo_ru,L4,wikidata,3,3,,,
752,geo_ru_l4_0245,geo_ru,L4,wikidata,2,2,,,
753,geo_ru_l5_0236,geo_ru,L5,wikidata,195,195,,,
754,geo_ru_l5_0238,geo_ru,L5,wikidata,195,195,,,
755,software_l1_0181,software,L1,wikidata,466,464,,,
756,software_l1_0183,software,L1,wikidata,323,322,,,
757,software_l1_0185,software,L1,wikidata,76,76,,,
758,software_l1_0187,software,L1,wikidata,215,213,,,
759,software_l1_0189,software,L1,wikidata,82,82,,,
760,software_l1_0191,software,L1,wikidata,141,140,,,
761,software_l1_0193,software,L1,wikidata,79,78,,,
762,software_l1_0195,software,L1,wikidata,198,197,,,
763,software_l1_0199,software,L1,wikidata,59,59,,,
764,software_l2_0191,software,L2,wikidata,6,6,,,
765,software_l2_0193,software,L2,wikidata,8,8,,,
766,software_l2_0197,software,L2,wikidata,9,9,,,
767,software_l2_0199,software,L2,wikidata,44,44,,,
768,software_l2_0203,software,L2,wikidata,17,17,,,
769,software_l2_0205,software,L2,wikidata,7,7,,,
770,software_l2_0207,software,L2,wikidata,56,56,,,
771,software_l2_0209,software,L2,wikidata,6,6,,,
772,software_l2_0211,software,L2,wikidata,10,10,,,
773,software_l2_0213,software,L2,wikidata,5,5,,,
774,software_l3_0203,software,L3,wikidata,5,5,,,
775,software_l3_0205,software,L3,wikidata,16,16,,,
776,software_l3_0207,software,L3,wikidata,9,9,,,
777,software_l3_0211,software,L3,wikidata,5,5,,,
778,software_l3_0215,software,L3,wikidata,4,4,,,
779,software_l3_0217,software,L3,wikidata,8,8,,,
780,software_l3_0219,software,L3,wikidata,4,4,,,
781,software_l3_0221,software,L3,wikidata,8,8,,,
782,software_l3_0225,software,L3,wikidata,6,6,,,
783,software_l3_0227,software,L3,wikidata,7,7,,,
784,software_l3_0229,software,L3,wikidata,5,5,,,
785,software_l3_0231,software,L3,wikidata,6,6,,,
786,software_l4_0231,software,L4,wikidata,1,1,,,
787,software_l4_0237,software,L4,wikidata,2,2,,,
788,music_albums_l1_0182,music_albums,L1,wikidata,52,52,,,
789,music_albums_l1_0184,music_albums,L1,wikidata,167,167,,,
790,music_albums_l1_0186,music_albums,L1,wikidata,67,67,,,
791,music_albums_l1_0188,music_albums,L1,wikidata,347,345,,,
792,music_albums_l1_0190,music_albums,L1,wikidata,33,33,,,
793,music_albums_l1_0192,music_albums,L1,wikidata,20,20,,,
794,music_albums_l1_0194,music_albums,L1,wikidata,7,7,,,
795,music_albums_l1_0196,music_albums,L1,wikidata,17,17,,,
796,music_albums_l1_0198,music_albums,L1,wikidata,102,102,,,
797,music_albums_l1_0200,music_albums,L1,wikidata,5,5,,,
798,music_albums_l1_0202,music_albums,L1,wikidata,18,18,,,
799,music_albums_l1_0204,music_albums,L1,wikidata,387,386,,,
800,music_albums_l1_0206,music_albums,L1,wikidata,56,55,,,
801,music_albums_l1_0208,music_albums,L1,wikidata,8,8,,,
802,music_albums_l1_0210,music_albums,L1,wikidata,209,209,,,
803,music_albums_l2_0197,music_albums,L2,wikidata,32,32,,,
804,music_albums_l2_0201,music_albums,L2,wikidata,18,18,,,
805,music_albums_l2_0203,music_albums,L2,wikidata,12,12,,,
806,music_albums_l2_0205,music_albums,L2,wikidata,10,10,,,
807,music_albums_l2_0207,music_albums,L2,wikidata,6,6,,,
808,music_albums_l2_0209,music_albums,L2,wikidata,17,17,,,
809,music_albums_l2_0211,music_albums,L2,wikidata,7,7,,,
810,music_albums_l2_0213,music_albums,L2,wikidata,10,10,,,
811,music_albums_l2_0215,music_albums,L2,wikidata,38,38,,,
812,music_albums_l2_0217,music_albums,L2,wikidata,7,7,,,
813,music_albums_l2_0219,music_albums,L2,wikidata,14,14,,,
814,music_albums_l2_0221,music_albums,L2,wikidata,76,76,,,
815,music_albums_l2_0223,music_albums,L2,wikidata,41,41,,,
816,music_albums_l2_0225,music_albums,L2,wikidata,32,32,,,
817,music_albums_l2_0227,music_albums,L2,wikidata,25,24,,,
818,music_albums_l2_0229,music_albums,L2,wikidata,7,7,,,
819,music_albums_l3_0214,music_albums,L3,wikidata,341,338,,,
820,music_albums_l3_0216,music_albums,L3,wikidata,9,9,,,
821,music_albums_l3_0218,music_albums,L3,wikidata,5,5,,,
822,music_albums_l3_0220,music_albums,L3,wikidata,7,7,,,
823,music_albums_l3_0222,music_albums,L3,wikidata,157,156,,,
824,music_albums_l3_0224,music_albums,L3,wikidata,9,9,,,
825,music_albums_l3_0182,music_albums,L3,wikidata,5,5,,,
826,music_albums_l3_0184,music_albums,L3,wikidata,5,5,,,
827,music_albums_l3_0186,music_albums,L3,wikidata,14,14,,,
828,music_albums_l3_0188,music_albums,L3,wikidata,29,29,,,
829,music_albums_l3_0190,music_albums,L3,wikidata,9,9,,,
830,music_albums_l3_0192,music_albums,L3,wikidata,8,8,,,
831,music_albums_l3_0194,music_albums,L3,wikidata,45,44,,,
832,music_albums_l3_0198,music_albums,L3,wikidata,14,14,,,
833,music_albums_l3_0200,music_albums,L3,wikidata,464,461,,,
834,music_albums_l3_0202,music_albums,L3,wikidata,10,10,,,
835,music_albums_l3_0204,music_albums,L3,wikidata,480,478,,,
836,music_albums_l3_0206,music_albums,L3,wikidata,7,7,,,
837,music_albums_l3_0208,music_albums,L3,wikidata,8,8,,,
838,music_albums_l3_0210,music_albums,L3,wikidata,21,21,,,
839,music_albums_l3_0212,music_albums,L3,wikidata,11,11,,,
840,music_albums_l4_0202,music_albums,L4,wikidata,13,13,,,
841,music_albums_l4_0204,music_albums,L4,wikidata,7,7,,,
842,music_albums_l4_0206,music_albums,L4,wikidata,4,4,,,
843,music_albums_l4_0208,music_albums,L4,wikidata,33,33,,,
844,music_albums_l4_0210,music_albums,L4,wikidata,24,24,,,
845,music_albums_l4_0212,music_albums,L4,wikidata,17,17,,,
846,music_albums_l4_0214,music_albums,L4,wikidata,5,5,,,
847,music_albums_l4_0216,music_albums,L4,wikidata,24,24,,,
848,music_albums_l4_0218,music_albums,L4,wikidata,5,5,,,
849,music_albums_l4_0220,music_albums,L4,wikidata,10,10,,,
850,music_albums_l4_0222,music_albums,L4,wikidata,4,4,,,
851,music_albums_l4_0224,music_albums,L4,wikidata,5,5,,,
852,music_albums_l4_0226,music_albums,L4,wikidata,4,4,,,
853,music_albums_l4_0228,music_albums,L4,wikidata,81,81,,,
854,music_albums_l4_0230,music_albums,L4,wikidata,39,39,,,
855,music_albums_l5_0217,music_albums,L5,wikidata,7,7,,,
856,music_albums_l5_0182,music_albums,L5,wikidata,9,9,,,
857,videogames_l1_0182,videogames,L1,wikidata,41,41,,,
858,videogames_l1_0184,videogames,L1,wikidata,6,6,,,
859,videogames_l1_0186,videogames,L1,wikidata,5,5,,,
860,videogames_l1_0188,videogames,L1,wikidata,5,5,,,
861,videogames_l1_0190,videogames,L1,wikidata,88,88,,,
862,videogames_l1_0192,videogames,L1,wikidata,78,78,,,
863,videogames_l1_0194,videogames,L1,wikidata,8,8,,,
864,videogames_l1_0196,videogames,L1,wikidata,15,15,,,
865,videogames_l1_0198,videogames,L1,wikidata,44,44,,,
866,videogames_l1_0200,videogames,L1,wikidata,18,18,,,
867,videogames_l1_0202,videogames,L1,wikidata,14,14,,,
868,videogames_l1_0204,videogames,L1,wikidata,12,12,,,
869,videogames_l1_0206,videogames,L1,wikidata,6,6,,,
870,videogames_l1_0208,videogames,L1,wikidata,299,298,,,
871,videogames_l1_0210,videogames,L1,wikidata,74,74,,,
872,videogames_l2_0197,videogames,L2,wikidata,11,11,,,
873,videogames_l2_0199,videogames,L2,wikidata,12,12,,,
874,videogames_l2_0201,videogames,L2,wikidata,77,77,,,
875,videogames_l2_0203,videogames,L2,wikidata,8,8,,,
876,videogames_l2_0205,videogames,L2,wikidata,31,31,,,
877,videogames_l2_0207,videogames,L2,wikidata,13,13,,,
878,videogames_l2_0209,videogames,L2,wikidata,6,6,,,
879,videogames_l2_0211,videogames,L2,wikidata,45,45,,,
880,videogames_l2_0213,videogames,L2,wikidata,6,6,,,
881,videogames_l2_0215,videogames,L2,wikidata,24,24,,,
882,videogames_l2_0217,videogames,L2,wikidata,9,9,,,
883,videogames_l2_0219,videogames,L2,wikidata,8,8,,,
884,videogames_l2_0182,videogames,L2,wikidata,24,24,,,
885,videogames_l2_0184,videogames,L2,wikidata,87,87,,,
886,videogames_l2_0186,videogames,L2,wikidata,592,590,,,
887,videogames_l2_0188,videogames,L2,wikidata,15,15,,,
888,videogames_l2_0190,videogames,L2,wikidata,9,9,,,
889,videogames_l2_0192,videogames,L2,wikidata,22,22,,,
890,videogames_l2_0194,videogames,L2,wikidata,16,16,,,
891,videogames_l3_0189,videogames,L3,wikidata,8,8,,,
892,videogames_l3_0191,videogames,L3,wikidata,4,4,,,
893,videogames_l3_0193,videogames,L3,wikidata,5,5,,,
894,videogames_l3_0195,videogames,L3,wikidata,4,4,,,
895,videogames_l3_0197,videogames,L3,wikidata,14,14,,,
896,videogames_l3_0199,videogames,L3,wikidata,4,4,,,
897,videogames_l3_0201,videogames,L3,wikidata,42,42,,,
898,videogames_l3_0203,videogames,L3,wikidata,10,10,,,
899,videogames_l3_0205,videogames,L3,wikidata,5,5,,,
900,videogames_l3_0207,videogames,L3,wikidata,10,10,,,
901,videogames_l3_0209,videogames,L3,wikidata,8,8,,,
902,videogames_l3_0213,videogames,L3,wikidata,32,32,,,
903,videogames_l3_0215,videogames,L3,wikidata,4,4,,,
904,videogames_l3_0217,videogames,L3,wikidata,5,5,,,
905,videogames_l3_0219,videogames,L3,wikidata,4,4,,,
906,videogames_l3_0221,videogames,L3,wikidata,4,4,,,
907,videogames_l4_0208,videogames,L4,wikidata,3,3,,,
908,videogames_l4_0210,videogames,L4,wikidata,8,8,,,
909,videogames_l4_0212,videogames,L4,wikidata,1,1,,,
910,videogames_l4_0214,videogames,L4,wikidata,7,7,,,
911,videogames_l4_0218,videogames,L4,wikidata,2,2,,,
912,videogames_l4_0220,videogames,L4,wikidata,4,4,,,
913,videogames_l4_0224,videogames,L4,wikidata,1,1,,,
914,videogames_l4_0226,videogames,L4,wikidata,3,3,,,
915,videogames_l4_0228,videogames,L4,wikidata,2,2,,,
916,geo_l1_0182,geo,L1,wikidata,3,3,,,
917,geo_l1_0186,geo,L1,wikidata,6,6,,,
918,geo_l1_0188,geo,L1,wikidata,5,5,,,
919,geo_l1_0190,geo,L1,wikidata,4,4,,,
920,geo_l1_0194,geo,L1,wikidata,2,2,,,
921,geo_l1_0196,geo,L1,wikidata,5,5,,,
922,geo_l1_0206,geo,L1,wikidata,2,2,,,
923,geo_l1_0210,geo,L1,wikidata,4,4,,,
924,geo_l1_0214,geo,L1,wikidata,2,2,,,
925,geo_l1_0198,geo,L1,wikidata,4,4,,,
926,geo_l1_0204,geo,L1,wikidata,1,1,,,
927,geo_l1_0212,geo,L1,wikidata,4,4,,,
928,geo_l1_0216,geo,L1,wikidata,3,3,,,
929,geo_l1_0218,geo,L1,wikidata,2,2,,,
930,geo_l2_0182,geo,L2,wikidata,1,1,,,
931,geo_l2_0184,geo,L2,wikidata,3,3,,,
932,geo_l2_0186,geo,L2,wikidata,2,2,,,
933,geo_l2_0192,geo,L2,wikidata,1,1,,,
934,geo_l2_0194,geo,L2,wikidata,1,1,,,
935,geo_l2_0196,geo,L2,wikidata,0,0,,,
936,geo_l2_0198,geo,L2,wikidata,1,1,,,
937,geo_l2_0206,geo,L2,wikidata,7,7,,,
938,geo_l2_0208,geo,L2,wikidata,3,3,,,
939,geo_l3_0199,geo,L3,wikidata,5,5,,,
940,geo_l3_0201,geo,L3,wikidata,2,2,,,
941,geo_l3_0207,geo,L3,wikidata,3,3,,,
942,geo_l3_0209,geo,L3,wikidata,2,2,,,
943,geo_l3_0217,geo,L3,wikidata,2,2,,,
944,geo_l3_0219,geo,L3,wikidata,1,1,,,
945,geo_l3_0221,geo,L3,wikidata,3,3,,,
946,geo_l4_0184,geo,L4,wikidata,5,5,,,
947,geo_l4_0186,geo,L4,wikidata,4,4,,,
948,geo_l4_0188,geo,L4,wikidata,1,1,,,
949,geo_l4_0192,geo,L4,wikidata,0,0,,,
950,geo_l4_0206,geo,L4,wikidata,2,2,,,
951,spacecraft_l1_1057,spacecraft,L1,wikidata,5,5,,,
952,spacecraft_l1_1059,spacecraft,L1,wikidata,157,157,,,
953,spacecraft_l1_1061,spacecraft,L1,wikidata,66,66,,,
954,spacecraft_l1_1063,spacecraft,L1,wikidata,24,24,,,
955,spacecraft_l2_1061,spacecraft,L2,wikidata,7,7,,,
956,spacecraft_l2_1063,spacecraft,L2,wikidata,16,16,,,
957,spacecraft_l2_1065,spacecraft,L2,wikidata,8,8,,,
958,spacecraft_l2_1067,spacecraft,L2,wikidata,5,5,,,
959,spacecraft_l2_1069,spacecraft,L2,wikidata,147,147,,,
960,spacecraft_l2_1071,spacecraft,L2,wikidata,17,17,,,
961,spacecraft_l4_1068,spacecraft,L4,wikidata,16,16,,,
962,spacecraft_l3_1071,spacecraft,L3,wikidata,9,9,,,
963,spacecraft_l3_1073,spacecraft,L3,wikidata,16,16,,,
964,spacecraft_l3_1077,spacecraft,L3,wikidata,12,12,,,
965,spacecraft_l3_1079,spacecraft,L3,wikidata,16,16,,,
966,spacecraft_l3_1081,spacecraft,L3,wikidata,6,6,,,
967,spacecraft_l3_1083,spacecraft,L3,wikidata,4,4,,,
968,spacecraft_l4_1082,spacecraft,L4,wikidata,5,5,,,
969,spacecraft_l4_1084,spacecraft,L4,wikidata,3,3,,,
970,spacecraft_l4_1086,spacecraft,L4,wikidata,3,3,,,
971,spacecraft_l4_1088,spacecraft,L4,wikidata,3,3,,,
972,spacecraft_l4_1090,spacecraft,L4,wikidata,7,7,,,
973,spacecraft_l4_1092,spacecraft,L4,wikidata,4,4,,,
974,spacecraft_l4_1087,spacecraft,L4,wikidata,7,7,,,
975,spacecraft_l4_1089,spacecraft,L4,wikidata,5,5,,,
976,spacecraft_l5_1089,spacecraft,L5,wikidata,15,15,,,
977,spacecraft_l5_1091,spacecraft,L5,wikidata,158,158,,,
978,spacecraft_l5_1093,spacecraft,L5,wikidata,4,4,,,
979,spacecraft_l5_1095,spacecraft,L5,wikidata,1,1,,,
980,spacecraft_l5_1097,spacecraft,L5,wikidata,2,2,,,
981,spacecraft_l5_1099,spacecraft,L5,wikidata,54,54,,,
982,spacecraft_l5_1101,spacecraft,L5,wikidata,29,29,,,
983,spacecraft_l5_1103,spacecraft,L5,wikidata,4,4,,,
984,spacecraft_l5_1105,spacecraft,L5,wikidata,38,38,,,
985,spacecraft_l5_1107,spacecraft,L5,wikidata,16,16,,,
986,spacecraft_l5_1109,spacecraft,L5,wikidata,4,4,,,
987,museums_l2_1099,museums,L2,wikidata,6,6,,,
988,museums_l2_1101,museums,L2,wikidata,199,198,,,
989,museums_l2_1103,museums,L2,wikidata,212,211,,,
990,museums_l2_1105,museums,L2,wikidata,159,159,,,
991,museums_l2_1107,museums,L2,wikidata,66,66,,,
992,museums_l2_1109,museums,L2,wikidata,7,7,,,
993,museums_l2_1111,museums,L2,wikidata,212,212,,,
994,museums_l3_1106,museums,L3,wikidata,5,5,,,
995,museums_l3_1108,museums,L3,wikidata,26,26,,,
996,museums_l3_1110,museums,L3,wikidata,186,185,,,
997,museums_l3_1112,museums,L3,wikidata,18,18,,,
998,museums_l3_1114,museums,L3,wikidata,303,302,,,
999,museums_l3_1116,museums,L3,wikidata,27,27,,,
1000,museums_l3_1118,museums,L3,wikidata,6,6,,,
1001,museums_l3_1120,museums,L3,wikidata,9,9,,,
1002,museums_l3_1122,museums,L3,wikidata,17,17,,,
1003,museums_l3_1124,museums,L3,wikidata,173,172,,,
1004,museums_l4_1116,museums,L4,wikidata,10,10,,,
1005,museums_l4_1118,museums,L4,wikidata,45,45,,,
1006,museums_l4_1120,museums,L4,wikidata,3,3,,,
1007,museums_l4_1122,museums,L4,wikidata,20,20,,,
1008,museums_l4_1124,museums,L4,wikidata,20,20,,,
1009,museums_l4_1126,museums,L4,wikidata,2,2,,,
1010,museums_l4_1128,museums,L4,wikidata,3,3,,,
1011,museums_l4_1130,museums,L4,wikidata,7,7,,,
1012,museums_l4_1132,museums,L4,wikidata,33,33,,,
1013,museums_l5_1126,museums,L5,wikidata,1,1,,,
1014,museums_l5_1128,museums,L5,wikidata,2,2,,,
1015,museums_l5_1130,museums,L5,wikidata,4,4,,,
1016,museums_l5_1132,museums,L5,wikidata,1,1,,,
1017,museums_l5_1134,museums,L5,wikidata,1,1,,,
1018,museums_l5_1136,museums,L5,wikidata,14,14,,,
1019,museums_l5_1138,museums,L5,wikidata,1,1,,,
1020,museums_l5_1140,museums,L5,wikidata,15,15,,,
1021,museums_l5_1142,museums,L5,wikidata,2,2,,,
1022,museums_l5_1144,museums,L5,wikidata,7,7,,,
1023,paintings_l5_1081,paintings,L5,wikidata,1,1,,,
1024,paintings_l5_1083,paintings,L5,wikidata,2,2,,,
1025,paintings_l5_1085,paintings,L5,wikidata,1,1,,,
1026,paintings_l5_1087,paintings,L5,wikidata,1,1,,,
1027,paintings_l5_1089,paintings,L5,wikidata,2,2,,,
1028,paintings_l5_1093,paintings,L5,wikidata,4,4,,,
1029,paintings_l5_1095,paintings,L5,wikidata,1,1,,,
1030,paintings_l5_1097,paintings,L5,wikidata,4,4,,,
1031,paintings_l4_1080,paintings,L4,wikidata,1,1,,,
1032,paintings_l4_1082,paintings,L4,wikidata,2,2,,,
1033,paintings_l5_1082,paintings,L5,wikidata,1,1,,,
1034,paintings_l5_1084,paintings,L5,wikidata,1,1,,,
1035,zero_gold_zero_cinema_101,cinema,zero_gold,zero_gold,0,0,,,
1036,zero_gold_zero_cinema_102,cinema,zero_gold,zero_gold,0,0,,,
1037,zero_gold_zero_cinema_103,cinema,zero_gold,zero_gold,0,0,,,
1038,zero_gold_zero_cinema_104,cinema,zero_gold,zero_gold,0,0,,,
1039,zero_gold_zero_cinema_106,cinema,zero_gold,zero_gold,0,0,,,
1040,zero_gold_zero_cinema_107,cinema,zero_gold,zero_gold,0,0,,,
1041,zero_gold_zero_cinema_110,cinema,zero_gold,zero_gold,0,0,,,
1042,zero_gold_zero_cinema_111,cinema,zero_gold,zero_gold,0,0,,,
1043,zero_gold_zero_cinema_112,cinema,zero_gold,zero_gold,0,0,,,
1044,zero_gold_zero_cinema_113,cinema,zero_gold,zero_gold,0,0,,,
1045,zero_gold_zero_cinema_115,cinema,zero_gold,zero_gold,0,0,,,
1046,zero_gold_zero_cinema_116,cinema,zero_gold,zero_gold,0,0,,,
1047,zero_gold_zero_cinema_121,cinema,zero_gold,zero_gold,0,0,,,
1048,zero_gold_zero_cinema_122,cinema,zero_gold,zero_gold,0,0,,,
1049,zero_gold_zero_cinema_123,cinema,zero_gold,zero_gold,0,0,,,
1050,zero_gold_zero_cinema_124,cinema,zero_gold,zero_gold,0,0,,,
1051,zero_gold_zero_geo_201,geo,zero_gold,zero_gold,0,0,,,
1052,zero_gold_zero_geo_202,geo,zero_gold,zero_gold,0,0,,,
1053,zero_gold_zero_geo_203,geo,zero_gold,zero_gold,0,0,,,
1054,zero_gold_zero_geo_204,geo,zero_gold,zero_gold,0,0,,,
1055,zero_gold_zero_geo_205,geo,zero_gold,zero_gold,0,0,,,
1056,zero_gold_zero_geo_206,geo,zero_gold,zero_gold,0,0,,,
1057,zero_gold_zero_geo_207,geo,zero_gold,zero_gold,0,0,,,
1058,zero_gold_zero_geo_208,geo,zero_gold,zero_gold,0,0,,,
1059,zero_gold_zero_geo_209,geo,zero_gold,zero_gold,0,0,,,
1060,zero_gold_zero_geo_210,geo,zero_gold,zero_gold,0,0,,,
1061,zero_gold_zero_geo_211,geo,zero_gold,zero_gold,0,0,,,
1062,zero_gold_zero_geo_212,geo,zero_gold,zero_gold,0,0,,,
1063,zero_gold_zero_geo_213,geo,zero_gold,zero_gold,0,0,,,
1064,zero_gold_zero_geo_214,geo,zero_gold,zero_gold,0,0,,,
1065,zero_gold_zero_geo_215,geo,zero_gold,zero_gold,0,0,,,
1066,zero_gold_zero_geo_216,geo,zero_gold,zero_gold,0,0,,,
1067,zero_gold_zero_geo_217,geo,zero_gold,zero_gold,0,0,,,
1068,zero_gold_zero_geo_218,geo,zero_gold,zero_gold,0,0,,,
1069,zero_gold_zero_geo_219,geo,zero_gold,zero_gold,0,0,,,
1070,zero_gold_zero_geo_220,geo,zero_gold,zero_gold,0,0,,,
1071,zero_gold_zero_books_201,books,zero_gold,zero_gold,0,0,,,
1072,zero_gold_zero_books_202,books,zero_gold,zero_gold,0,0,,,
1073,zero_gold_zero_books_203,books,zero_gold,zero_gold,0,0,,,
1074,zero_gold_zero_books_204,books,zero_gold,zero_gold,0,0,,,
1075,zero_gold_zero_books_205,books,zero_gold,zero_gold,0,0,,,
1076,zero_gold_zero_books_206,books,zero_gold,zero_gold,0,0,,,
1077,zero_gold_zero_books_207,books,zero_gold,zero_gold,0,0,,,
1078,zero_gold_zero_books_208,books,zero_gold,zero_gold,0,0,,,
1079,zero_gold_zero_people_209,people,zero_gold,zero_gold,0,0,,,
1080,zero_gold_zero_people_210,people,zero_gold,zero_gold,0,0,,,
1081,zero_gold_zero_people_211,people,zero_gold,zero_gold,0,0,,,
1082,zero_gold_zero_people_212,people,zero_gold,zero_gold,0,0,,,
1083,zero_gold_zero_people_213,people,zero_gold,zero_gold,0,0,,,
1084,zero_gold_zero_people_214,people,zero_gold,zero_gold,0,0,,,
1085,zero_gold_zero_people_215,people,zero_gold,zero_gold,0,0,,,
1086,zero_gold_zero_people_216,people,zero_gold,zero_gold,0,0,,,
1087,zero_gold_zero_museums_217,museums,zero_gold,zero_gold,0,0,,,
1088,zero_gold_zero_museums_218,museums,zero_gold,zero_gold,0,0,,,
1089,zero_gold_zero_museums_219,museums,zero_gold,zero_gold,0,0,,,
1090,zero_gold_zero_museums_220,museums,zero_gold,zero_gold,0,0,,,
1091,zero_gold_zero_museums_221,museums,zero_gold,zero_gold,0,0,,,
1092,zero_gold_zero_museums_222,museums,zero_gold,zero_gold,0,0,,,
1093,zero_gold_zero_paintings_223,paintings,zero_gold,zero_gold,0,0,,,
1094,zero_gold_zero_paintings_224,paintings,zero_gold,zero_gold,0,0,,,
1095,zero_gold_zero_paintings_225,paintings,zero_gold,zero_gold,0,0,,,
1096,zero_gold_zero_paintings_226,paintings,zero_gold,zero_gold,0,0,,,
1097,zero_gold_zero_paintings_227,paintings,zero_gold,zero_gold,0,0,,,
1098,zero_gold_zero_countries_229,countries,zero_gold,zero_gold,0,0,,,
1099,zero_gold_zero_countries_230,countries,zero_gold,zero_gold,0,0,,,
1100,zero_gold_zero_countries_231,countries,zero_gold,zero_gold,0,0,,,
1101,zero_gold_zero_countries_232,countries,zero_gold,zero_gold,0,0,,,
1102,zero_gold_zero_countries_233,countries,zero_gold,zero_gold,0,0,,,
1103,zero_gold_zero_countries_234,countries,zero_gold,zero_gold,0,0,,,
1104,zero_gold_zero_sports_235,sports_clubs,zero_gold,zero_gold,0,0,,,
1105,zero_gold_zero_sports_236,sports_clubs,zero_gold,zero_gold,0,0,,,
1106,zero_gold_zero_sports_237,sports_clubs,zero_gold,zero_gold,0,0,,,
1107,zero_gold_zero_sports_238,sports_clubs,zero_gold,zero_gold,0,0,,,
1108,zero_gold_zero_airports_240,airports,zero_gold,zero_gold,0,0,,,
1109,zero_gold_zero_smartphones_241,smartphones,zero_gold,zero_gold,0,0,,,
1110,zero_gold_zero_smartphones_242,smartphones,zero_gold,zero_gold,0,0,,,
1111,zero_gold_zero_cars_243,cars,zero_gold,zero_gold,0,0,,,
1112,zero_gold_zero_dishes_245,dishes,zero_gold,zero_gold,0,0,,,
1113,zero_gold_zero_paintings_247,paintings,zero_gold,zero_gold,0,0,,,
1114,zero_gold_zero_museums_248,museums,zero_gold,zero_gold,0,0,,,
1115,kqapro_accf1b3dde07,kqapro,external_multihop,kqapro,0,0,,,
1116,kqapro_57bf48c4d8c5,kqapro,external_multihop,kqapro,0,0,,,
1117,kqapro_ed64fe80b461,kqapro,external_multihop,kqapro,0,0,,,
1118,kqapro_a25eb1f73006,kqapro,external_multihop,kqapro,0,0,,,
1119,kqapro_d1898e0d2929,kqapro,external_multihop,kqapro,0,0,,,
1120,kqapro_722c5966e953,kqapro,external_multihop,kqapro,0,0,,,
1121,kqapro_7aa565162073,kqapro,external_multihop,kqapro,0,0,,,
1122,kqapro_d3fffa4a9834,kqapro,external_multihop,kqapro,0,0,,,
1123,kqapro_5a50a1b9962f,kqapro,external_multihop,kqapro,0,0,,,
1124,kqapro_04ada9639358,kqapro,external_multihop,kqapro,0,0,,,
1125,kqapro_1c61dda7d89a,kqapro,external_multihop,kqapro,0,0,,,
1126,kqapro_d7d45e334d7b,kqapro,external_multihop,kqapro,0,0,,,
1127,kqapro_2782f4e536f5,kqapro,external_multihop,kqapro,0,0,,,
1128,kqapro_7d98be3533d7,kqapro,external_multihop,kqapro,0,0,,,
1129,kqapro_c4722e13a227,kqapro,external_multihop,kqapro,0,0,,,
1130,kqapro_17fe5373654f,kqapro,external_multihop,kqapro,0,0,,,
1131,kqapro_6213f0fc911b,kqapro,external_multihop,kqapro,0,0,,,
1132,kqapro_7fd32a8e592e,kqapro,external_multihop,kqapro,0,0,,,
1133,kqapro_4c9344fe732e,kqapro,external_multihop,kqapro,0,0,,,
1134,kqapro_c06df760fa93,kqapro,external_multihop,kqapro,0,0,,,
1135,kqapro_6c85742b40c7,kqapro,external_multihop,kqapro,0,0,,,
1136,kqapro_13625a69f143,kqapro,external_multihop,kqapro,0,0,,,
1137,kqapro_164e2c46d21a,kqapro,external_multihop,kqapro,0,0,,,
1138,kqapro_a43e8f00b43c,kqapro,external_multihop,kqapro,0,0,,,
1139,kqapro_54ad132690a5,kqapro,external_multihop,kqapro,0,0,,,
1140,kqapro_0c28506dfd3e,kqapro,external_multihop,kqapro,0,0,,,
1141,kqapro_bfeea2ebeae0,kqapro,external_multihop,kqapro,0,0,,,
1142,kqapro_aa6f50a17ea2,kqapro,external_multihop,kqapro,0,0,,,
1143,kqapro_f9674e642a0d,kqapro,external_multihop,kqapro,0,0,,,
1144,kqapro_6d3682ff3740,kqapro,external_multihop,kqapro,0,0,,,
1145,kqapro_2edea0fa3feb,kqapro,external_multihop,kqapro,0,0,,,
1146,kqapro_aa3849df7055,kqapro,external_multihop,kqapro,0,0,,,
1147,kqapro_a3eef9076d13,kqapro,external_multihop,kqapro,0,0,,,
1148,kqapro_293f0ad17a8a,kqapro,external_multihop,kqapro,0,0,,,
1149,kqapro_ef3d29adb7da,kqapro,external_multihop,kqapro,0,0,,,
1150,kqapro_07c07d3a01d7,kqapro,external_multihop,kqapro,0,0,,,
1151,kqapro_8292d64fdaea,kqapro,external_multihop,kqapro,0,0,,,
1152,kqapro_177c79bcd441,kqapro,external_multihop,kqapro,0,0,,,
1153,kqapro_4a3829505502,kqapro,external_multihop,kqapro,0,0,,,
1154,kqapro_ab5ad65a1138,kqapro,external_multihop,kqapro,0,0,,,
1155,kqapro_8486c573682e,kqapro,external_multihop,kqapro,0,0,,,
1156,kqapro_1a9bff68338d,kqapro,external_multihop,kqapro,0,0,,,
1157,kqapro_ab7e80f38d22,kqapro,external_multihop,kqapro,0,0,,,
1158,kqapro_e77cbf08d4a0,kqapro,external_multihop,kqapro,0,0,,,
1159,kqapro_c95385f5c494,kqapro,external_multihop,kqapro,0,0,,,
1160,kqapro_9f90d624172c,kqapro,external_multihop,kqapro,0,0,,,
1161,kqapro_c6a81e545dc6,kqapro,external_multihop,kqapro,0,0,,,
1162,kqapro_b79c43943e94,kqapro,external_multihop,kqapro,0,0,,,
1163,kqapro_2ad5e2ff0cac,kqapro,external_multihop,kqapro,0,0,,,
1164,kqapro_c08b4b442148,kqapro,external_multihop,kqapro,0,0,,,
1165,kqapro_0006c2562714,kqapro,external_multihop,kqapro,0,0,,,
1166,kqapro_8b6f08457cc4,kqapro,external_multihop,kqapro,0,0,,,
1167,kqapro_3873e5370493,kqapro,external_multihop,kqapro,0,0,,,
1168,kqapro_393de48c5572,kqapro,external_multihop,kqapro,0,0,,,
1169,kqapro_24d5da9d232a,kqapro,external_multihop,kqapro,0,0,,,
1170,kqapro_533f4c7fe955,kqapro,external_multihop,kqapro,0,0,,,
1171,kqapro_9f2a9bec5bf0,kqapro,external_multihop,kqapro,0,0,,,
1172,kqapro_5610f1a72214,kqapro,external_multihop,kqapro,0,0,,,
1173,kqapro_2c3f47fbc955,kqapro,external_multihop,kqapro,0,0,,,
1174,kqapro_a83d0ffcdba7,kqapro,external_multihop,kqapro,0,0,,,
1175,kqapro_aa5ed09a2e1d,kqapro,external_multihop,kqapro,0,0,,,
1176,kqapro_e6989a5520c8,kqapro,external_multihop,kqapro,0,0,,,
1177,kqapro_583cc6d592a7,kqapro,external_multihop,kqapro,0,0,,,
1178,kqapro_205e56214b8d,kqapro,external_multihop,kqapro,0,0,,,
1179,kqapro_dd6ffb75eace,kqapro,external_multihop,kqapro,0,0,,,
1180,kqapro_6a914a446392,kqapro,external_multihop,kqapro,0,0,,,
1181,kqapro_c2d541684ba3,kqapro,external_multihop,kqapro,0,0,,,
1182,kqapro_51eaeda7dabd,kqapro,external_multihop,kqapro,0,0,,,
1183,kqapro_5eb01d0432a3,kqapro,external_multihop,kqapro,0,0,,,
1184,kqapro_4531564f3e81,kqapro,external_multihop,kqapro,0,0,,,
1185,kqapro_aa5a12585842,kqapro,external_multihop,kqapro,0,0,,,
1186,kqapro_8c10c4000b9d,kqapro,external_multihop,kqapro,0,0,,,
1187,mintaka_4cbe8970ffaa,politics,external_multihop,mintaka,0,0,,,
1188,mintaka_80fbb7125285,history,external_multihop,mintaka,0,0,,,
1189,mintaka_d2ea36fd372f,music,external_multihop,mintaka,0,0,,,
1190,mintaka_42686e9a7079,sports,external_multihop,mintaka,0,0,,,
1191,mintaka_32671648bfce,books,external_multihop,mintaka,0,0,,,
1192,mintaka_b4131f059cce,videogames,external_multihop,mintaka,0,0,,,
1193,mintaka_1acf9129a299,videogames,external_multihop,mintaka,0,0,,,
1194,mintaka_c7a6efdb356b,books,external_multihop,mintaka,0,0,,,
1195,mintaka_8c7839e13bda,geography,external_multihop,mintaka,0,0,,,
