benchmark_id,source_dataset,source_split,use_role,import_mode,question_ru,question_en_original,reasoning_type,expected_cardinality,is_answerable,gold_preview,formal_query
ext_rubq2_dev_004012,RuBQ_2.0,dev,direct_ru_candidate,direct_ru,Какая самая крупнейшая пустыня в мире?,What is the largest desert in the world?,"ranking, reverse_relation, multi_constraint",1,True,Арктика,SELECT ?answer WHERE { ?answer p:P2046/psn:P2046/wikibase:quantityAmount ?sq . ?answer wdt:P31 wd:Q8514 . } ORDER BY DESC(?sq) LIMIT 1
ext_rubq2_test_003129,RuBQ_2.0,test,direct_ru_candidate,direct_ru,Какая планета является самой большой в Солнечной системе?,Which planet is the largest in the Solar system?,"ranking, reverse_relation, multi_constraint",1,True,Юпитер,SELECT ?answer WHERE { ?answer wdt:P31/wdt:P279* wd:Q17362350 . ?answer wdt:P2067 ?mass . } ORDER BY DESC (?mass) LIMIT 1
ext_rubq2_test_004011,RuBQ_2.0,test,direct_ru_candidate,direct_ru,Какой океан самый маленький?,Which ocean is the smallest?,"ranking, reverse_relation, multi_constraint",1,True,Северный Ледовитый океан,SELECT ?answer WHERE { ?answer p:P2046/psn:P2046/wikibase:quantityAmount ?sq . ?answer wdt:P31 wd:Q9430 . } ORDER BY ASC(?sq) LIMIT 1
ext_rubq2_test_004013,RuBQ_2.0,test,direct_ru_candidate,direct_ru,Какая самая большая планета Солнечной системы?,What is the largest planet in the Solar system?,"ranking, reverse_relation, multi_constraint",1,True,Юпитер,SELECT ?answer WHERE { ?answer p:P2234/psn:P2234/wikibase:quantityAmount ?vol . ?answer wdt:P361 wd:Q3962257 } ORDER BY DESC(?vol) LIMIT 1
ext_rubq2_test_004015,RuBQ_2.0,test,direct_ru_candidate,direct_ru,Как называется самое маленькое по площади государство?,What is the name of the smallest state by area?,"ranking, reverse_relation, multi_constraint",1,True,Ватикан,SELECT ?answer WHERE { ?answer p:P2046/psn:P2046/wikibase:quantityAmount ?sq . ?answer wdt:P31 wd:Q3624078 . } ORDER BY ASC(?sq) LIMIT 1
ext_rubq2_dev_000113,RuBQ_2.0,dev,direct_ru_candidate,direct_ru,Какая столица стоит на берегу Потамака?,What capital stands on the banks of Potalaka?,"reverse_relation, multi_constraint",1,True,Вашингтон,SELECT ?answer WHERE { ?answer wdt:P206 wd:Q179444 . ?answer wdt:P31 wd:Q5119 }
ext_rubq2_dev_002027,RuBQ_2.0,dev,direct_ru_candidate,direct_ru,Что создал выходец из России Давид Сарнов?,"What did David sarnov, a native of Russia, create?","single_hop, reverse_relation",3,True,NBC | RCA Corporation | RKO Pictures,SELECT ?answer WHERE { ?answer wdt:P112 wd:Q360106 . }
ext_rubq2_dev_002034,RuBQ_2.0,dev,direct_ru_candidate,direct_ru,Кто был первым лауреатом Нобелевской премии по физике?,Who was the first winner of the Nobel prize in physics?,"ranking, qualifier_constraint",1,True,Вильгельм Рентген,SELECT ?answer WHERE { wd:Q38104 p:P1346 [ps:P1346 ?answer; pq:P585 ?year] } ORDER BY ASC(?year) LIMIT 1
ext_rubq2_dev_002044,RuBQ_2.0,dev,direct_ru_candidate,direct_ru,Какая страна участвовала в вооруженном конфликте 1982 года с Великобританией из за Фолклендских островов?,Which country participated in the 1982 armed conflict with great Britain over the Falkland Islands?,"negation_or_exclusion, single_hop",1,True,Аргентина,SELECT ?answer WHERE { wd:Q48249 wdt:P710 ?answer . FILTER (?answer not in (wd:Q145)) }
ext_rubq2_dev_002089,RuBQ_2.0,dev,direct_ru_candidate,direct_ru,"С какой страной Бразилия ""делит"" водопад Игуасу?","Which country does Brazil ""share"" the Iguazu waterfall with?","negation_or_exclusion, single_hop",1,True,Аргентина,SELECT ?answer WHERE { wd:Q36332 wdt:P17 ?answer FILTER (?answer not in ( wd:Q155 )) }
ext_rubq2_dev_002120,RuBQ_2.0,dev,direct_ru_candidate,direct_ru,"Как называется исторический период, разделяющий Средневековье и новейшее время?",What is the name of the historical period that separates the middle Ages and modern times?,"reverse_relation, multi_constraint",1,True,Новое время,SELECT ?answer WHERE { ?answer wdt:P156 wd:Q186075 . ?answer wdt:P155 wd:Q12554 }
ext_rubq2_dev_003001,RuBQ_2.0,dev,direct_ru_candidate,direct_ru,Кто был соавтором С. В. Михалкова в написании текста гимна Советского Союза?,Who was S. V. Mikhalkov's co-author in writing the text of the anthem of the Soviet Union?,"negation_or_exclusion, single_hop",1,True,Эль-Регистан,SELECT ?answer WHERE { wd:Q251918 wdt:P676 ?answer . FILTER (?answer not in ( wd:Q208116 )) }
ext_rubq2_dev_003049,RuBQ_2.0,dev,direct_ru_candidate,direct_ru,"Какой металл, кроме меди, присутствует в мельхиоровой посуде?","What metal, other than copper, is present in Melchior ware?","negation_or_exclusion, single_hop",3,True,железо | никель | цинк,SELECT ?answer WHERE { wd:Q3742035 wdt:P527 ?answer . FILTER (?answer not in ( wd:Q753 )) }
ext_rubq2_dev_003085,RuBQ_2.0,dev,direct_ru_candidate,direct_ru,Какой класс животных называют рептилиями?,What class of animals are called reptiles?,"reverse_relation, single_hop",1,True,пресмыкающиеся,"SELECT ?answer WHERE { ?answer skos:altLabel ""рептилии""@ru }"
ext_rubq2_dev_003125,RuBQ_2.0,dev,direct_ru_candidate,direct_ru,Как звали персонажа Киану Ривза в трилогии «Матрица»?,What was the name of the character Keanu Reeves in the Matrix trilogy?,"multi_constraint, qualifier_answer",1,True,Нео,SELECT ?answer WHERE { wd:Q83495 p:P161 [ps:P161 wd:Q43416; pq:P453 ?answer] . }
ext_rubq2_dev_003130,RuBQ_2.0,dev,direct_ru_candidate,direct_ru,Какая актриса была замужем за Люком Бессоном?,Which actress was married to Luc Besson?,"reverse_relation, multi_constraint",3,True,Милла Йовович | Майвенн | Анн Парийо,SELECT ?answer WHERE { ?answer p:P26/ps:P26 wd:Q484779 . ?answer wdt:P106* wd:Q33999 }
ext_rubq2_dev_004003,RuBQ_2.0,dev,direct_ru_candidate,direct_ru,Сколько спутников у Марса?,How many moons does Mars have?,"count, single_hop",1,True,2,SELECT (COUNT(?sats) as ?answer) WHERE { wd:Q111 wdt:P398 ?sats. }
ext_rubq2_dev_004010,RuBQ_2.0,dev,direct_ru_candidate,direct_ru,Кто старше Гарри Поттер или Рон Уизли?,Who is older than Harry Potter or Ron Weasley?,"ranking, multi_constraint",1,True,Рон Уизли,SELECT ?answer WHERE { VALUES ?answer { wd:Q3244512 wd:Q173998 } ?answer wdt:P569 ?date . } ORDER BY ASC(?date) LIMIT 1
ext_rubq2_test_000194,RuBQ_2.0,test,direct_ru_candidate,direct_ru,"В какой город переселился из Мекки Мухаммед в 622 году, дав тем самым точку отсчета для мусульманского летосчисления?","Which city did Muhammad move to from Mecca in 622, thus providing a reference point for the Muslim calendar?","negation_or_exclusion, single_hop",1,True,Медина,SELECT ?answer WHERE { wd:Q9458 wdt:P551 ?answer . FILTER (?answer not in ( wd:Q5806 )) }
ext_rubq2_test_000235,RuBQ_2.0,test,direct_ru_candidate,direct_ru,Какая ветвь философии включает в себя изучение этики и эстетики?,Which branch of philosophy includes the study of ethics and aesthetics?,"negation_or_exclusion, single_hop",1,True,Аксиология,SELECT ?answer WHERE { wd:Q35986 wdt:P279 ?answer . FILTER (?answer not in ( wd:Q5891 )) }
ext_rubq2_test_000428,RuBQ_2.0,test,direct_ru_candidate,direct_ru,Какому композитору пришлось дописать оперу Мусоргского Хованщина?,What the composer had to finish the Opera Mussorgsky Khovanshchina?,"negation_or_exclusion, single_hop",2,True,Игорь Стравинский | Николай Андреевич Римский-Корсаков,SELECT ?answer WHERE { wd:Q917711 wdt:P86 ?answer . FILTER (?answer not in ( wd:Q132682 )) }
ext_rubq2_test_000496,RuBQ_2.0,test,direct_ru_candidate,direct_ru,"Какой штат США американцы называют ""Штат Одинокой звезды""?","What US state do Americans call the ""lone star state""?","reverse_relation, single_hop",1,True,Техас,"SELECT ?answer WHERE { ?answer skos:altLabel ""Штат Одинокой звезды""@ru }"
ext_rubq2_test_000583,RuBQ_2.0,test,direct_ru_candidate,direct_ru,Гражданство какой страны принял в 1982 году танцовщик Рудольф Нуриев после отказа вернуться в СССР в 1961 году?,Which country's citizenship did the dancer Rudolf Nuriev take in 1982 after refusing to return to the USSR in 1961?,"negation_or_exclusion, single_hop",1,True,Австрия,"SELECT ?answer WHERE { wd:Q84217 wdt:P27 ?answer . FILTER (?answer not in ( wd:Q15180, wd:Q159 )) }"
ext_rubq2_test_000826,RuBQ_2.0,test,direct_ru_candidate,direct_ru,"Как называется море, отделённое от Тихого океана цепью Алеутских островов?",What is the name of the sea separated from the Pacific ocean by a chain of Aleutian Islands?,"negation_or_exclusion, single_hop",1,True,Берингово море,SELECT ?answer WHERE { wd:Q119285 wdt:P206 ?answer . FILTER (?answer not in ( wd:Q98 )) }
ext_rubq2_test_002008,RuBQ_2.0,test,direct_ru_candidate,direct_ru,"Кого называют ""солнечным клоуном""?","Who is called the ""solar clown""?","reverse_relation, single_hop",1,True,Олег Константинович Попов,"SELECT ?answer WHERE { ?answer skos:altLabel ""Солнечный клоун""@ru }"
ext_rubq2_test_002010,RuBQ_2.0,test,direct_ru_candidate,direct_ru,"Что надо умножить на скорость, чтобы получить импульс?",What do I need to multiply by speed to get an impulse?,"negation_or_exclusion, single_hop",1,True,масса,SELECT ?answer WHERE { wd:Q41273 wdt:P4934 ?answer . FILTER ( ?answer not in ( wd:Q11465 ) ) }
ext_rubq2_test_002012,RuBQ_2.0,test,direct_ru_candidate,direct_ru,Как зовут первого президента России,What is the name of the first President of Russia,"reverse_relation, qualifier_constraint",1,True,Борис Николаевич Ельцин,"SELECT ?answer WHERE { ?answer p:P39 [ps:P39 wd:Q218295; pq:P1545 ""1""] . }"
ext_rubq2_test_002024,RuBQ_2.0,test,direct_ru_candidate,direct_ru,В каком клубе завершил свою карьеру легендарный хоккеист Уэйн Гретцки?,Which club did legendary hockey player Wayne Gretzky end his career at?,"ranking, qualifier_constraint",1,True,Нью-Йорк Рейнджерс,SELECT ?answer WHERE { wd:Q209518 p:P54 [ ps:P54 ?answer; pq:P582 ?ending ] . } ORDER BY DESC(?ending) LIMIT 1
ext_rubq2_test_002032,RuBQ_2.0,test,direct_ru_candidate,direct_ru,"Какая из башен стоит на Соборной площади, которую часто называют Поле чудес?","Which of the towers stands on the Cathedral square, which is often called the Field of miracles?","reverse_relation, multi_constraint",1,True,Пизанская башня,SELECT ?answer WHERE { ?answer wdt:P31/wdt:P279* wd:Q12518 . ?answer wdt:P669 wd:Q750245 }
ext_rubq2_test_002035,RuBQ_2.0,test,direct_ru_candidate,direct_ru,Какая компания слилась с компанией Exxon для создания крупнейшей нефтяной корпорации?,Which company merged with Exxon to create the largest oil Corporation?,"negation_or_exclusion, single_hop",1,True,Мобил,SELECT ?answer WHERE { wd:Q156238 wdt:P155 ?answer . FILTER (?answer not in (wd:Q4781944)) }
ext_rubq2_test_002047,RuBQ_2.0,test,direct_ru_candidate,direct_ru,Действие какой пьесы Шекспира происходит в Эльсиноре?,What Shakespeare play is set in Elsinore?,"reverse_relation, multi_constraint",1,True,"Гамлет, принц датский",SELECT ?answer WHERE { ?answer wdt:P50 wd:Q692 . ?answer wdt:P840 wd:Q26881 }
ext_rubq2_test_002057,RuBQ_2.0,test,direct_ru_candidate,direct_ru,Какая из муз покровительствовала танцам,"Which of the muses, patron of dancing","reverse_relation, multi_constraint",1,True,Терпсихора,SELECT ?answer WHERE { ?answer wdt:P31 wd:Q66016 . ?answer wdt:P101 wd:Q11639 }
ext_rubq2_test_002060,RuBQ_2.0,test,direct_ru_candidate,direct_ru,"Кто из участников группы ""Битлз"" был старше трёх остальных?","Who from participants of group ""Beatles"" was older than the other three?","ranking, multi_constraint",1,True,Ринго Старр,SELECT ?answer WHERE { wd:Q1299 wdt:P527 ?answer . ?answer wdt:P569 ?birth_date } ORDER BY ASC(?birth_date) LIMIT 1
ext_rubq2_test_002061,RuBQ_2.0,test,direct_ru_candidate,direct_ru,"Какая страна ""делит"" остров Гаити с Гаити?","Which country ""shares"" the island of Haiti with Haiti?","negation_or_exclusion, single_hop",1,True,Доминиканская Республика,SELECT ?answer WHERE { wd:Q25277 wdt:P150 ?answer FILTER (?answer not in (wd:Q790) ) }
ext_rubq2_test_002066,RuBQ_2.0,test,direct_ru_candidate,direct_ru,В каком футбольном клубе Николя Анелька начинал свою карьеру?,What football club did Nicolas Anelka start his career at?,"ranking, multi_constraint",1,True,Пари Сен-Жермен,SELECT ?answer WHERE { wd:Q1939 p:P54 [ ps:P54 ?answer; pq:P580 ?start ] . ?answer wdt:P31 wd:Q476028 } ORDER BY ASC(?start) LIMIT 1
ext_rubq2_test_002072,RuBQ_2.0,test,direct_ru_candidate,direct_ru,"Какое состязание, помимо прыжков с трамплина, входит в состав лыжного двоеборья?","What competition, in addition to ski jumping, is included in the ski double-event?","negation_or_exclusion, single_hop",1,True,лыжные гонки,SELECT ?answer WHERE { wd:Q201965 wdt:P527 ?answer FILTER (?answer not in ( wd:Q7718 )) }
ext_rubq2_test_002076,RuBQ_2.0,test,direct_ru_candidate,direct_ru,"Кто носил такие псевдонимы, как ""Иван Петрович Белкин"" и ""Феофилакт Косичкин""?","Who wore such pseudonyms as ""Ivan Petrovich Belkin"" and ""Feofilakt Kosichkin""?","reverse_relation, single_hop",1,True,Александр Сергеевич Пушкин,"SELECT ?answer WHERE { ?answer wdt:P742 ""Иван Петрович Белкин"", ""Феофилакт Косичкин"" }"
ext_rubq2_test_002078,RuBQ_2.0,test,direct_ru_candidate,direct_ru,Какое направление в живописи основал Казимир Малевич?,What direction in painting was founded by Kazimir Malevich?,"reverse_relation, multi_constraint",1,True,Супрематизм,SELECT ?answer WHERE { ?answer wdt:P112 wd:Q130777 . ?answer wdt:P31 wd:Q968159 }
ext_rubq2_test_002079,RuBQ_2.0,test,direct_ru_candidate,direct_ru,Кто является первым обладателем награды «Золотой мяч»?,Who is the first winner of the Golden ball award?,"ranking, qualifier_constraint",1,True,"Мэтьюз, Стэнли",SELECT ?answer WHERE { wd:Q166177 p:P1346 [ps:P1346 ?answer; pq:P585 ?year ] } ORDER BY ASC(?year) LIMIT 1
ext_rubq2_test_002082,RuBQ_2.0,test,direct_ru_candidate,direct_ru,Какой военной профессией владели президент Израиля Эзер Вейцман и президент Египта Хосни Мубарак?,What military profession did Israeli President Ezer Weizman and Egyptian President Hosni Mubarak have?,"negation_or_exclusion, multi_constraint",1,True,лётчик,SELECT ?answer WHERE { wd:Q34105 wdt:P106 ?answer . wd:Q128911 wdt:P106 ?answer . FILTER (?answer not in ( wd:Q82955 )) }
ext_rubq2_test_002086,RuBQ_2.0,test,direct_ru_candidate,direct_ru,"Какой язык, кроме английского, является официальным на конкурсе «Евровидение»?","What language, other than English, is official at the Eurovision song contest?","negation_or_exclusion, single_hop",1,True,французский язык,SELECT ?answer WHERE { wd:Q276 wdt:P407 ?answer FILTER (?answer not in ( wd:Q1860 )) }
ext_rubq2_test_002092,RuBQ_2.0,test,direct_ru_candidate,direct_ru,"Что, согласно закону Ома, получится, если напряжение разделить на сопротивление?","What, according to Ohm's law, will happen if the voltage is divided by the resistance?","negation_or_exclusion, single_hop",1,True,сила тока,SELECT ?answer WHERE { wd:Q25358 wdt:P4934 ?answer FILTER (?answer not in ( wd:Q25428 )) }
ext_rubq2_test_002103,RuBQ_2.0,test,direct_ru_candidate,direct_ru,"Что, кроме молока, добавляют в классический моккачино?","That, in addition to milk, add classic items from this collection?","negation_or_exclusion, single_hop",2,True,шоколад | кофе,SELECT ?answer WHERE { wd:Q739929 wdt:P527 ?answer FILTER (?answer not in ( wd:Q8495 )) }
ext_rubq2_test_002106,RuBQ_2.0,test,direct_ru_candidate,direct_ru,Каким видом спорта занимался величайший игрок НБА Майкл Джордан во время перерыва в баскетбольной карьере?,"What sport did the NBA's greatest player, Michael Jordan, play during a break in his basketball career?","negation_or_exclusion, single_hop",1,True,бейсбол,SELECT ?answer WHERE { wd:Q41421 wdt:P641 ?answer FILTER (?answer not in ( wd:Q5372 )) }
ext_rubq2_test_002110,RuBQ_2.0,test,direct_ru_candidate,direct_ru,"Кто вместе с Риной Зелёной написал сценарий советского фильма ""Подкидыш""?","Who together with Rina Zelenaya wrote the script of the Soviet film ""the foundling""?","negation_or_exclusion, single_hop",1,True,Агния Львовна Барто,SELECT ?answer WHERE { wd:Q4367638 wdt:P58 ?answer FILTER (?answer not in ( wd:Q435540 )) }
ext_rubq2_test_002119,RuBQ_2.0,test,direct_ru_candidate,direct_ru,Какая опера завершает тетралогию Рихарда Вагнера «Кольцо Нибелунга»?,"Which Opera completes Richard Wagner's ""Ring of the Nibelung"" tetralogy?","ranking, qualifier_constraint",1,True,Гибель богов,SELECT ?answer WHERE { wd:Q190237 p:P527 [ ps:P527 ?answer; pq:P1545 ?num ] } ORDER BY DESC(?num) LIMIT 1
ext_rubq2_test_003002,RuBQ_2.0,test,direct_ru_candidate,direct_ru,"Как называется мера счета мелких галантерейных и канцелярских предметов, равная 144?",What is the measure of the account of small haberdashery and stationery items equal to 144?,"reverse_relation, multi_constraint",1,True,гросс,SELECT ?answer WHERE { ?answer wdt:P31 wd:Q2360980 . ?answer wdt:P1181 ?x . FILTER (?x = 144) }
ext_rubq2_test_003005,RuBQ_2.0,test,direct_ru_candidate,direct_ru,"Как называется пейзаж, изображающий море?",What is the name of a landscape depicting the sea?,"reverse_relation, multi_constraint",1,True,марина,SELECT ?answer WHERE { ?answer wdt:P279 wd:Q191163 . ?answer wdt:P180 wd:Q165 }
ext_rubq2_test_003012,RuBQ_2.0,test,direct_ru_candidate,direct_ru,"Какая наука изучает рельефы суши, дна океанов и морей?","What science studies landforms, ocean bottoms, and seas?","reverse_relation, single_hop",1,True,геоморфология,SELECT ?answer WHERE { ?answer wdt:P2578 wd:Q186131 . }
ext_rubq2_test_003013,RuBQ_2.0,test,direct_ru_candidate,direct_ru,Какой город был переименован в 1968 г. в г. Гагарин?,Which city was renamed Gagarin in 1968?,"qualifier_constraint, multi_constraint",1,True,Гжатск,SELECT ?answer WHERE { wd:Q134318 p:P1448 [ ps:P1448 ?answer; pq:P582 ?year ] . FILTER(YEAR(?year) = 1968) . }
ext_rubq2_test_003033,RuBQ_2.0,test,direct_ru_candidate,direct_ru,Кто в 1949 году стал первым канцлером ФРГ?,Who became the first Chancellor of Germany in 1949?,"ranking, qualifier_constraint",1,True,Конрад Аденауэр,SELECT ?answer WHERE { wd:Q183 p:P6 [ ps:P6 ?answer; pq:P580 ?begin ] . } ORDER BY ASC(?begin) LIMIT 1
ext_rubq2_test_003038,RuBQ_2.0,test,direct_ru_candidate,direct_ru,Какой химический элемент обозначается Pb?,Which chemical element is designated Pb?,"reverse_relation, multi_constraint",1,True,свинец,"SELECT ?answer WHERE { ?answer skos:altLabel ""Pb""@ru . ?answer wdt:P31 wd:Q11344 }"
ext_rubq2_test_003050,RuBQ_2.0,test,direct_ru_candidate,direct_ru,"Какой город - конечный пункт маршрута фирменного поезда ""Россия"", отправляющегося из Москвы?","Which city is the final destination of the branded ""Russia"" train leaving Moscow?","negation_or_exclusion, single_hop",1,True,Владивосток,SELECT ?answer WHERE { wd:Q4398275 wdt:P559 ?answer . FILTER (?answer not in ( wd:Q649 )) }
ext_rubq2_test_003054,RuBQ_2.0,test,direct_ru_candidate,direct_ru,Какой сплав состоит в основном из меди и цинка?,Which alloy consists mainly of copper and zinc?,"reverse_relation, single_hop",12,True,латунь | Северное золото | ZAMAK | нейзильбер | zinc-copper couple,"SELECT ?answer WHERE { ?answer wdt:P527 wd:Q753, wd:Q758 . }"
ext_rubq2_test_003061,RuBQ_2.0,test,direct_ru_candidate,direct_ru,Какая кислота известна фармацевтам как витамин РР?,What acid is known to pharmacists as vitamin PP?,"reverse_relation, single_hop",1,True,никотиновая кислота,"SELECT ?answer WHERE { ?answer skos:altLabel ""Витамин PP""@ru . }"
ext_rubq2_test_003063,RuBQ_2.0,test,direct_ru_candidate,direct_ru,Какой город Калининградской области до 1947 года назывался Хайлигенбайль?,Which city in the Kaliningrad region was called Heiligenbail before 1947?,"reverse_relation, single_hop",1,True,Мамоново,"SELECT ?answer WHERE { ?answer skos:altLabel ""Хайлигенбайль""@ru }"
ext_rubq2_test_003069,RuBQ_2.0,test,direct_ru_candidate,direct_ru,Как называется прибор для измерения электрического напряжения?,What is the name of the device for measuring electrical voltage?,"reverse_relation, multi_constraint",2,True,вольтметр | Интеллектуальный счётчик,SELECT ?answer WHERE { ?answer wdt:P2575 wd:Q25428 . ?answer wdt:P279 wd:Q2041172 }
ext_rubq2_test_003080,RuBQ_2.0,test,direct_ru_candidate,direct_ru,Какой Генеральный секретарь ООН погиб в авиакатастрофе?,Which UN Secretary-General was killed in a plane crash?,"reverse_relation, multi_constraint",1,True,Даг Хаммаршёльд,SELECT ?answer WHERE { ?answer wdt:P39 wd:Q81066 . ?answer wdt:P509 [ wdt:P31 wd:Q3002150 ] }
ext_rubq2_test_003086,RuBQ_2.0,test,direct_ru_candidate,direct_ru,как звали младшего сына сталина?,what was the name of Stalin's younger son?,"ranking, multi_constraint",1,True,Василий Иосифович Сталин,SELECT ?answer WHERE { wd:Q855 wdt:P40 ?answer . ?answer wdt:P21 wd:Q6581097 . ?answer wdt:P569 ?birth_date } ORDER BY DESC(?birth_date) LIMIT 1
ext_rubq2_test_003091,RuBQ_2.0,test,direct_ru_candidate,direct_ru,"Кто был сорежиссером Эльдара Рязанова на съемках фильма ""Невероятные приключения итальянцев в России""?","Who was the co-Director of Eldar Ryazanov on the set of the film ""the Incredible adventures of Italians in Russia""?","negation_or_exclusion, single_hop",1,True,"Проспери, Франко",SELECT ?answer WHERE { wd:Q940081 wdt:P57 ?answer . FILTER (?answer not in ( wd:Q381944 )) }
ext_rubq2_test_003094,RuBQ_2.0,test,direct_ru_candidate,direct_ru,Сколько существует законов Ньютона?,How many laws of Newton exist?,"count, single_hop",1,True,3,SELECT (COUNT(?laws) as ?answer) WHERE { wd:Q38433 wdt:P527 ?laws }
ext_rubq2_test_003096,RuBQ_2.0,test,direct_ru_candidate,direct_ru,Какое растение иначе называют кинзой?,What plant is otherwise called coriander?,"reverse_relation, single_hop",1,True,кориандр,"SELECT ?answer WHERE { ?answer skos:altLabel ""кинза""@ru . }"
ext_rubq2_test_003113,RuBQ_2.0,test,direct_ru_candidate,direct_ru,"Какая станция Московского метрополитена до 1986 года носила название ""Лермонтовская""?","What is the station of the Moscow metro until 1986 was called the ""Lermontov""?","reverse_relation, multi_constraint",1,True,Красные ворота,"SELECT ?answer WHERE { ?answer wdt:P31 wd:Q928830 . ?answer skos:altLabel ""Лермонтовская""@ru }"
ext_rubq2_test_003117,RuBQ_2.0,test,direct_ru_candidate,direct_ru,Какой город стоит на реке Печора?,What city stands on the Pechora river?,"reverse_relation, single_hop",1,True,Нарьян-Мар,SELECT ?answer WHERE { ?answer wdt:P206 wd:Q8168 . }
ext_rubq2_test_003118,RuBQ_2.0,test,direct_ru_candidate,direct_ru,"За какой фильм Одри Хепберн была удостоена премии ""Оскар"" в номинации ""лучшая актриса""?",For which film was Audrey Hepburn awarded the Academy award for best actress?,"qualifier_answer, multi_constraint",1,True,Римские каникулы,SELECT ?answer WHERE { wd:Q42786 p:P166 [ps:P166 wd:Q103618; pq:P1686 ?answer] . }
ext_rubq2_test_003120,RuBQ_2.0,test,direct_ru_candidate,direct_ru,Кто был сороковым президентом США?,Who was the fortieth President of the United States?,"reverse_relation, qualifier_constraint",1,True,Рональд Рейган,"SELECT ?answer WHERE { ?answer p:P39 [ps:P39 wd:Q11696; pq:P1545 ""40""] . }"
ext_rubq2_test_003123,RuBQ_2.0,test,direct_ru_candidate,direct_ru,Чье настоящее имя было Теофраст Бомбаст фон Гогенгейм?,Whose real name was Theophrastus Bombast von Hohenheim?,"reverse_relation, single_hop",1,True,Парацельс,"SELECT ?answer WHERE { ?answer skos:altLabel ""Теофраст Бомбаст фон Гогенгейм""@ru }"
ext_rubq2_test_003132,RuBQ_2.0,test,direct_ru_candidate,direct_ru,Какого супергероя сыграл Тоби Магуайер?,Which superhero did Tobey Maguire play?,"reverse_relation, multi_constraint",1,True,Человек-Паук,SELECT ?answer WHERE { ?answer wdt:P31 wd:Q188784 . ?answer p:P175/ps:P175 wd:Q165524 }
ext_rubq2_test_003133,RuBQ_2.0,test,direct_ru_candidate,direct_ru,"Кто был первым ведущим передачи ""Что? Где? Когда?""?","Who was the first host of What? Where? When?""?","ranking, qualifier_constraint",1,True,Александр Васильевич Масляков,SELECT ?answer WHERE { wd:Q497935 p:P371[ps:P371 ?answer ; pq:P580 ?begin]. } ORDER BY ?begin LIMIT 1
ext_rubq2_test_003138,RuBQ_2.0,test,direct_ru_candidate,direct_ru,"С какой галактикой, по прогнозам учёных, приблизительно через четыре миллиарда лет произойдёт столкновение Млечного Пути?",Which galaxy is predicted to collide with the milky Way in about four billion years?,"negation_or_exclusion, single_hop",1,True,Галактика Андромеды,SELECT ?answer WHERE { wd:Q335988 wdt:P527 ?answer . FILTER (?answer not in ( wd:Q321 )) }
ext_rubq2_test_003141,RuBQ_2.0,test,direct_ru_candidate,direct_ru,Кто из борцов за независимость Индии стал первым президентом этой страны?,Who among the fighters for Indian independence became the first President of this country?,"reverse_relation, qualifier_constraint",1,True,Раджендра Прасад,"SELECT ?answer WHERE { ?answer p:P39 [ps:P39 wd:Q313383; pq:P1545 ""1""] . }"
ext_rubq2_test_003143,RuBQ_2.0,test,direct_ru_candidate,direct_ru,Что учредил в Санкт-Петербурге один из основателей Московского университета — русский меценат Иван Шувалов?,What was founded in St. Petersburg by one of the founders of Moscow University — Russian philanthropist Ivan Shuvalov?,"reverse_relation, multi_constraint",1,True,Императорская Академия художеств,SELECT ?answer WHERE { ?answer wdt:P112 wd:Q659395 . ?answer wdt:P159 wd:Q656 }
ext_rubq2_test_003144,RuBQ_2.0,test,direct_ru_candidate,direct_ru,"Какой рассказ Клиффорда Саймака получил три главные американские литературные премии в области фантастики — ""Хьюго"", ""Небьюла"" и ""Локус""?","Which story by Clifford Simak won the three major American literary awards in fiction — ""Hugo"", ""nebula"" and ""Locus""?","multi_constraint, qualifier_answer",1,True,Грот танцующих оленей,SELECT ?answer WHERE { wd:Q294625 p:P166 [ ps:P166 wd:Q610903; pq:P1686 ?answer ] . wd:Q294625 p:P166 [ ps:P166 wd:Q1056251; pq:P1686 ?answer ] . wd:Q294625 p:P166 [ ps:P166 wd:Q17008985; pq:P1686 ?answer ] . }
ext_rubq2_test_003147,RuBQ_2.0,test,direct_ru_candidate,direct_ru,В каком концлагере трагически оборвалась жизнь старшего сына Иосифа Сталина?,In which concentration camp did the life of Joseph Stalin's eldest son tragically end?,"ranking, multi_constraint",1,True,Заксенхаузен,SELECT ?answer WHERE { wd:Q855 wdt:P40 ?son . ?son wdt:P21 wd:Q6581097 . ?son wdt:P569 ?birth_date . ?son wdt:P20 ?answer } ORDER BY ASC(?birth_date) LIMIT 1
ext_rubq2_test_003151,RuBQ_2.0,test,direct_ru_candidate,direct_ru,В каком году Александр Блок женился?,In what year did Alexander Blok get married?,"qualifier_answer, multi_constraint",1,True,1903,SELECT ?answer WHERE { wd:Q164765 p:P26 [ pq:P580 ?date ] . BIND(YEAR(?date) as ?answer) }
ext_rubq2_test_004004,RuBQ_2.0,test,direct_ru_candidate,direct_ru,Сколько детей у королевы Елизаветы II (английской)?,How many children does Queen Elizabeth II (of England) have?,"count, single_hop",1,True,4,SELECT (COUNT(?child) as ?answer) WHERE { wd:Q9682 wdt:P40 ?child. }
ext_rubq2_test_004006,RuBQ_2.0,test,direct_ru_candidate,direct_ru,Сколько жен было у Генриха VIII?,How many wives did Henry VIII have?,"count, single_hop",1,True,6,SELECT (COUNT(?wife) as ?answer) WHERE { wd:Q38370 wdt:P26 ?wife. }
ext_rubq2_test_004009,RuBQ_2.0,test,direct_ru_candidate,direct_ru,"Сколько премий ""Грэмми"" в ""копилке"" певца Джастина Тимберлейка?","How many Grammy awards are in singer Justin Timberlake's"" piggy Bank""?","count, multi_constraint",1,True,10,SELECT (COUNT(?award) as ?answer) WHERE { wd:Q43432 p:P166/ps:P166 ?award . ?award wdt:P31 wd:Q41254 . }
ext_rubq2_test_004014,RuBQ_2.0,test,direct_ru_candidate,direct_ru,В каком городе находится самая высокая в мире телебашня?,Which city has the world's tallest TV tower?,"ranking, multi_constraint",1,True,Токио,SELECT ?answer WHERE { ?en p:P2048/psn:P2048/wikibase:quantityAmount ?h . ?en wdt:P31 wd:Q11166728 . ?en wdt:P131* ?answer . ?answer wdt:P31 wd:Q515 . } ORDER BY DESC(?h) LIMIT 1
ext_rubq2_test_004017,RuBQ_2.0,test,direct_ru_candidate,direct_ru,На каком материке находится самая полноводная река Земли?,On which continent is the most full-flowing river on Earth?,"ranking, multi_constraint",1,True,Южная Америка,SELECT ?answer WHERE { ?en p:P2225/psn:P2225/wikibase:quantityAmount ?sq . ?en wdt:P31 wd:Q4022 . ?en wdt:P30 ?answer . } ORDER BY DESC(?sq) LIMIT 1
ext_rubq2_test_004018,RuBQ_2.0,test,direct_ru_candidate,direct_ru,Кто старше - Владимир Путин или Дональд Трамп?,Who is older-Vladimir Putin or Donald trump?,"ranking, multi_constraint",1,True,Дональд Трамп,SELECT ?answer WHERE { VALUES ?answer { wd:Q7747 wd:Q22686 } ?answer wdt:P569 ?date . } ORDER BY ASC(?date) LIMIT 1
ext_rubq2_dev_000123,RuBQ_2.0,dev,direct_ru_candidate,direct_ru,На каком острове жила древнегреческая поэтесса Сапфо?,On what island did the ancient Greek poet Sappho live?,multi_constraint,1,True,Лесбос,SELECT ?answer WHERE { wd:Q17892 wdt:P551 ?answer . ?answer wdt:P31 wd:Q23442 }
ext_rubq2_dev_000247,RuBQ_2.0,dev,direct_ru_candidate,direct_ru,В каком регионе России находится город Майкоп?,In what region of Russia is the city of Maykop located?,multi_constraint,1,True,Адыгея,SELECT ?answer WHERE { wd:Q3752 wdt:P131+ ?answer . ?answer wdt:P31/wdt:P279* wd:Q43263 }
ext_rubq2_dev_000287,RuBQ_2.0,dev,direct_ru_candidate,direct_ru,В каком канадском хоккейном клубе играл Алексей Поникаровский?,What canadian hockey club did Alexey ponikarovsky play for?,multi_constraint,1,True,Торонто Мейпл Лифс,SELECT ?answer WHERE { wd:Q739781 wdt:P54 ?answer . ?answer wdt:P17 wd:Q16 }
ext_rubq2_dev_000326,RuBQ_2.0,dev,direct_ru_candidate,direct_ru,В каком из городов находится штаб-квартира НАТО?,Which city is the headquarters of NATO?,multi_constraint,1,True,Брюссель,SELECT ?answer WHERE { wd:Q12800833 wdt:P131* ?answer . ?answer wdt:P31 wd:Q515 }
ext_rubq2_dev_000395,RuBQ_2.0,dev,direct_ru_candidate,direct_ru,Какой стиль сменила эпоха Возрождения?,What style did the Renaissance change?,multi_constraint,1,True,готика,SELECT ?answer WHERE { wd:Q4692 wdt:P155 ?answer . ?answer wdt:P31 wd:Q1792644 }
ext_rubq2_dev_000521,RuBQ_2.0,dev,direct_ru_candidate,direct_ru,"В каком ""рукаве"" Млечного Пути находится Солнечная система?","In what ""arm"" of the milky Way is the Solar system located?",multi_constraint,1,True,Рукав Ориона,SELECT ?answer WHERE { wd:Q544 wdt:P706 ?answer . ?answer wdt:P31 wd:Q2311038 }
ext_rubq2_dev_000565,RuBQ_2.0,dev,direct_ru_candidate,direct_ru,В какой группе пел Джим Моррисон?,Which band did Jim Morrison sing in?,multi_constraint,1,True,The Doors,SELECT ?answer WHERE { wd:Q44301 wdt:P463 ?answer . ?answer wdt:P31/wdt:P279 wd:Q215380 }
ext_rubq2_dev_000720,RuBQ_2.0,dev,direct_ru_candidate,direct_ru,Какое событие в истории США послужило основой сюжета романа Стивена Кинга «11/22/63»?,"What event in the history of the United States served as the basis for the plot of Stephen king's novel ""11/22/63""?",multi_constraint,1,True,убийство Джона Кеннеди,SELECT ?answer WHERE { wd:Q723020 wdt:P921 ?answer . ?answer wdt:P17 wd:Q30 }
ext_rubq2_dev_001007,RuBQ_2.0,dev,direct_ru_candidate,direct_ru,Сколько музыкантов в квартете?,How many musicians are there in the Quartet?,multi_hop,1,True,4,SELECT ?answer WHERE { wd:Q1135557 wdt:P279 [ wdt:P1557 ?answer ]. }
ext_rubq2_dev_001009,RuBQ_2.0,dev,direct_ru_candidate,direct_ru,В каком виде спорта используется сицилианская защита?,In what sport is the Sicilian defense used?,multi_hop,1,True,шахматы,SELECT ?answer WHERE { wd:Q188566 wdt:P31 [ wdt:P641 ?answer ]. }
ext_rubq2_dev_001011,RuBQ_2.0,dev,direct_ru_candidate,direct_ru,Какая террористическая организация похитила и убила премьер-министра Италии Альдо Моро?,What terrorist organization kidnapped and killed Italian Prime Minister Aldo Moro?,multi_hop,1,True,Красные бригады,SELECT ?answer WHERE { wd:Q171834 wdt:P509 [ wdt:P710 ?answer ]. }
ext_rubq2_dev_001014,RuBQ_2.0,dev,direct_ru_candidate,direct_ru,"В какой город нужно отправиться, чтобы увидеть «Сикстинскую Мадонну» Рафаэля?","Which city should I go to to see Raphael's ""Sistine Madonna""?",multi_hop,1,True,Дрезден,SELECT ?answer WHERE { wd:Q328079 wdt:P276 [ wdt:P131 ?answer ]. }
ext_rubq2_dev_001017,RuBQ_2.0,dev,direct_ru_candidate,direct_ru,Какой танец исполняют под мелодию «Кумпарситы»?,"What is the dance performed to the tune of ""La Cumparsita""?",multi_hop,1,True,танго,SELECT ?answer WHERE { wd:Q765883 wdt:P136 [ wdt:P144 ?answer ]. }
ext_rubq2_dev_001028,RuBQ_2.0,dev,direct_ru_candidate,direct_ru,В каком административном регионе находится город Ливорно?,What administrative region is the city of Livorno located in?,multi_hop,1,True,Тоскана,SELECT ?answer WHERE { wd:Q6761 wdt:P131 [ wdt:P131 ?answer ]. }
ext_rubq2_dev_001033,RuBQ_2.0,dev,direct_ru_candidate,direct_ru,"Кто автор пьесы, сюжет которой лёг в основу оперы Дж. Пуччини «Турандот»?","Who is the author of the play, the plot of which formed the basis of the Opera by J. Puccini's ""Turandot""?",multi_hop,1,True,Карло Гоцци,SELECT ?answer WHERE { wd:Q207990 wdt:P144 [ wdt:P50 ?answer ]. }
ext_rubq2_dev_001034,RuBQ_2.0,dev,direct_ru_candidate,direct_ru,В какой стране закончил свою жизнь великий русский шахматист Александр Алехин?,In which country did the great Russian chess player Alexander Alekhine end his life?,multi_hop,1,True,Португалия,SELECT ?answer WHERE { wd:Q131374 wdt:P20 [ wdt:P17 ?answer ]. }
ext_rubq2_dev_001042,RuBQ_2.0,dev,direct_ru_candidate,direct_ru,"Какой драматург, который был старше Чарли Чаплина всего на полгода, стал последним тестем великого комика?","Which playwright, who was only six months older than Charlie Chaplin, became the last father-in-law of the great comedian?",multi_hop,1,True,"О’Нил, Юджин",SELECT ?answer WHERE { wd:Q882 wdt:P26 [ wdt:P22 ?answer ]. }
ext_rubq2_dev_001044,RuBQ_2.0,dev,direct_ru_candidate,direct_ru,"К какой династии до замужества принадлежала королева Марго, героиня романа А. Дюма?","What dynasty did Queen Margot, the heroine of the novel by A. Dumas, belong to before her marriage?",multi_hop,1,True,Валуа,SELECT ?answer WHERE { wd:Q2020094 wdt:P674 [ wdt:P53 ?answer ]. }
ext_rubq2_dev_001050,RuBQ_2.0,dev,direct_ru_candidate,direct_ru,Ветви какой королевской династии правят в Дании и Норвегии?,Branches of the Royal dynasty which ruled in Denmark and Norway?,multi_hop,2,True,Глюксбурги | Дом Монпеза,SELECT ?answer WHERE { wd:Q35 wdt:P35 [ wdt:P53 ?answer ]. }
ext_rubq2_dev_002036,RuBQ_2.0,dev,direct_ru_candidate,direct_ru,Где родилась певица Шакира?,The birthplace of the singer Shakira?,multi_hop,1,True,Колумбия,SELECT ?answer WHERE { wd:Q34424 wdt:P19 [wdt:P17 ?answer ] }
ext_rubq2_dev_002046,RuBQ_2.0,dev,direct_ru_candidate,direct_ru,Чьё произведение легло в основу гимна футбольной Лиги чемпионов?,Whose work formed the basis of the Champions League football anthem?,multi_hop,1,True,Георг Фридрих Гендель,SELECT ?answer WHERE { wd:Q1453101 wdt:P144 [ wdt:P86 ?answer ] }
ext_rubq2_dev_002048,RuBQ_2.0,dev,direct_ru_candidate,direct_ru,Что входит в состав любого органического вещества?,What is included in the composition of any organic matter?,multi_hop,1,True,углерод,SELECT ?answer WHERE { wd:Q174211 wdt:P279 [ wdt:P527 ?answer ] }
ext_rubq2_dev_002080,RuBQ_2.0,dev,direct_ru_candidate,direct_ru,"Кто исполнил роль агента Кея в к/ф ""Люди в черном""?","Who played the role of agent Kay in K / f ""Men in black""?",qualifier_constraint,1,True,Томми Ли Джонс,SELECT ?answer WHERE { wd:Q51416 p:P161 [ ps:P161 ?answer; pq:P453 wd:Q2071077 ] }
ext_rubq2_dev_002091,RuBQ_2.0,dev,direct_ru_candidate,direct_ru,Кто был сыном бога солнца Гелиоса и океаниды Климены?,Who was the son of the sun God Helios and the oceanid Clymena?,multi_constraint,1,True,Фаэтон,SELECT ?answer WHERE { wd:Q134270 wdt:P40 ?answer . wd:Q836792 wdt:P40 ?answer . ?answer wdt:P21 wd:Q6581097 }
ext_rubq2_dev_002108,RuBQ_2.0,dev,direct_ru_candidate,direct_ru,Кто был сыном горгоны Медузы?,Who was the son of the Gorgon Medusa?,multi_constraint,2,True,Пегас | Хрисаор,SELECT ?answer WHERE { wd:Q160730 wdt:P40 ?answer . VALUES ?male { wd:Q6581097 wd:Q44148 } ?answer wdt:P21 ?male }
ext_rubq2_dev_002109,RuBQ_2.0,dev,direct_ru_candidate,direct_ru,Кто сыграл Тосю Кислицыну в фильме «Девчата»?,"Who played Tosya Kislitsyna in the movie ""Girls""?",qualifier_constraint,1,True,Надежда Васильевна Румянцева,SELECT ?answer WHERE { wd:Q2373306 p:P161 [ ps:P161 ?answer; pq:P453 wd:Q28664853 ] }
ext_rubq2_dev_002121,RuBQ_2.0,dev,direct_ru_candidate,direct_ru,Какая группа снялась в фильме Ричарда Лестера «Вечер трудного дня»?,"Which group starred in Richard Lester's""hard day's night""?",multi_constraint,1,True,The Beatles,SELECT ?answer WHERE { wd:Q913311 wdt:P161 ?answer . ?answer wdt:P31/wdt:P279* wd:Q215380 }
ext_rubq2_dev_002122,RuBQ_2.0,dev,direct_ru_candidate,direct_ru,Кто в 2016 году стал обладателем Нобелевской премии по литературе?,Who won the 2016 Nobel prize in literature?,qualifier_constraint,1,True,Боб Дилан,"SELECT ?answer WHERE { wd:Q37922 p:P1346 [ ps:P1346 ?answer; pq:P585 ""2016-01-01T00:00:00+00:00""^^xsd:dateTime ] }"
ext_rubq2_dev_003037,RuBQ_2.0,dev,direct_ru_candidate,direct_ru,"Какой советский космический корабль в 1975 году пристыковался к американскому ""Аполлону""?",Which Soviet spacecraft docked with the American Apollo in 1975?,multi_constraint,1,True,Союз-19,SELECT ?answer WHERE { wd:Q208759 wdt:P1876 ?answer . ?answer wdt:P17 wd:Q15180 }
ext_rubq2_dev_003052,RuBQ_2.0,dev,direct_ru_candidate,direct_ru,К какой группе инструментов относится старинный русский музыкальный инструмент гудок?,Which group of instruments does the old Russian musical instrument hooter belong to?,multi_constraint,2,True,хордофон | струнный музыкальный инструмент,SELECT ?answer WHERE { wd:Q854664 wdt:P31/wdt:P279* ?answer . ?answer wdt:P31 wd:Q1254773 }
ext_rubq2_dev_003137,RuBQ_2.0,dev,direct_ru_candidate,direct_ru,К какой системе органов у многоклеточных организмов относятся гонопоры?,What organ system do gonopores belong to in multicellular organisms?,multi_constraint,1,True,репродуктивная система человека,SELECT ?answer WHERE { wd:Q4620674 wdt:P361 ?answer . ?answer wdt:P279 wd:Q188193 }
ext_rubq2_dev_004008,RuBQ_2.0,dev,direct_ru_candidate,direct_ru,В каком году родился Иммануил Кант?,In what year was Immanuel Kant born?,multi_constraint,1,True,1724,SELECT ?answer WHERE { wd:Q9312 wdt:P569 ?date . BIND (YEAR(?date) as ?answer) . }
ext_rubq2_dev_006669,RuBQ_2.0,dev,direct_ru_candidate,direct_ru,В каком году изобретен велосипед?,In what year was the Bicycle invented?,multi_constraint,1,True,1885,SELECT ?answer WHERE { wd:Q11442 wdt:P575 ?date . BIND (YEAR(?date) AS ?answer) . }
ext_rubq2_dev_006671,RuBQ_2.0,dev,direct_ru_candidate,direct_ru,В каком году основан Ижевск?,In what year was Izhevsk founded?,multi_constraint,1,True,1760,SELECT ?answer WHERE { wd:Q5426 wdt:P571 ?date . BIND (YEAR(?date) AS ?answer) . }
ext_rubq2_dev_006673,RuBQ_2.0,dev,direct_ru_candidate,direct_ru,В каком году родился Сталин?,In what year was Stalin born?,multi_constraint,2,True,1878 | 1879,SELECT ?answer WHERE { wd:Q855 wdt:P569 ?date . BIND (YEAR(?date) AS ?answer) . }
ext_rubq2_dev_006721,RuBQ_2.0,dev,direct_ru_candidate,direct_ru,В каком году был выпущен фильм Титаник?,In what year was the film Titanic released?,multi_constraint,5,True,1997 | 1997 | 1998 | 1998 | 1998,SELECT ?answer WHERE { wd:Q44578 wdt:P577 ?date . BIND (YEAR(?date) AS ?answer). }
ext_rubq2_dev_006722,RuBQ_2.0,dev,direct_ru_candidate,direct_ru,В каком году был образован Международный олимпийский комитет?,In what year was the international Olympic Committee formed?,multi_constraint,1,True,1894,SELECT ?answer WHERE { wd:Q40970 wdt:P571 ?date . BIND (YEAR(?date) AS ?answer). }
ext_rubq2_dev_006723,RuBQ_2.0,dev,direct_ru_candidate,direct_ru,В каком году был образован СССР?,In what year was the USSR formed?,multi_constraint,1,True,1922,SELECT ?answer WHERE { wd:Q15180 wdt:P571 ?date . BIND (YEAR(?date) AS ?answer). }
ext_rubq2_dev_006728,RuBQ_2.0,dev,direct_ru_candidate,direct_ru,В каком году введена в эксплуатацию железная дорога сообщением Санкт-Петербург Москва?,In what year was the St. Petersburg-Moscow railway commissioned?,multi_constraint,1,True,1851,SELECT ?answer WHERE { wd:Q803184 wdt:P571 ?date . BIND (YEAR(?date) AS ?answer). }
ext_rubq2_dev_006731,RuBQ_2.0,dev,direct_ru_candidate,direct_ru,В каком году образована Новороссийская губерния?,In what year was formed the province of Novorossiya?,multi_constraint,2,True,1764 | 1796,SELECT ?answer WHERE { wd:Q326191 wdt:P571 ?date . BIND (YEAR(?date) AS ?answer). }
ext_rubq2_dev_006738,RuBQ_2.0,dev,direct_ru_candidate,direct_ru,В каком году родилась Алла Пугачева?,In what year was Alla Pugacheva born?,multi_constraint,1,True,1949,SELECT ?answer WHERE { wd:Q80510 wdt:P569 ?date . BIND (YEAR(?date) AS ?answer). }
ext_rubq2_dev_006739,RuBQ_2.0,dev,direct_ru_candidate,direct_ru,В каком году выпущен фильм Вокзал для двоих?,In what year was the film railway Station for two released?,multi_constraint,1,True,1982,SELECT ?answer WHERE { wd:Q1965523 wdt:P577 ?date . BIND (YEAR(?date) AS ?answer). }
ext_rubq2_dev_006742,RuBQ_2.0,dev,direct_ru_candidate,direct_ru,В каком году вышел фильм Москва слезам не верит?,In what year did the film Moscow doesn't believe in tears come out?,multi_constraint,2,True,1979 | 1982,SELECT ?answer WHERE { wd:Q53105 wdt:P577 ?date . BIND (YEAR(?date) AS ?answer). }
ext_rubq2_dev_006749,RuBQ_2.0,dev,direct_ru_candidate,direct_ru,В каком месяце произошел развал Советского Союза?,In what month did the Soviet Union collapse?,multi_constraint,1,True,12,SELECT ?answer WHERE { wd:Q15180 wdt:P576 ?date . BIND (MONTH(?date) AS ?answer). }
ext_rubq2_dev_006784,RuBQ_2.0,dev,direct_ru_candidate,direct_ru,В каком году был выпущен первый iphone?,In what year was the first iphone released?,multi_constraint,1,True,2007,SELECT ?answer WHERE { wd:Q621427 wdt:P571 ?date . BIND (YEAR(?date) AS ?answer). }
ext_rubq2_dev_006792,RuBQ_2.0,dev,direct_ru_candidate,direct_ru,В каком году был образован КГБ?,In what year was the KGB formed?,multi_constraint,1,True,1954,SELECT ?answer WHERE { wd:Q80919 wdt:P571 ?date . BIND (YEAR(?date) AS ?answer). }
ext_rubq2_dev_006796,RuBQ_2.0,dev,direct_ru_candidate,direct_ru,В каком году был основан Московский университет?,In what year was Moscow University founded?,multi_constraint,1,True,1755,SELECT ?answer WHERE { wd:Q13164 wdt:P571 ?date . BIND (YEAR(?date) AS ?answer). }
ext_rubq2_dev_006801,RuBQ_2.0,dev,direct_ru_candidate,direct_ru,В каком году был основан Ярославль?,In what year was Yaroslavl founded?,multi_constraint,1,True,1010,SELECT ?answer WHERE { wd:Q2423 wdt:P571 ?date . BIND (YEAR(?date) AS ?answer). }
ext_rubq2_dev_006809,RuBQ_2.0,dev,direct_ru_candidate,direct_ru,В каком году был учрежден Интерпол?,In what year was Interpol established?,multi_constraint,1,True,1923,SELECT ?answer WHERE { wd:Q8475 wdt:P571 ?date . BIND (YEAR(?date) AS ?answer). }
ext_rubq2_dev_006812,RuBQ_2.0,dev,direct_ru_candidate,direct_ru,В каком году был учреждён Русский театр для представления трагедий и комедий?,In what year was established by the Russian theater for presenting comedies and tragedies?,multi_constraint,1,True,1756,SELECT ?answer WHERE { wd:Q1186567 wdt:P571 ?date . BIND (YEAR(?date) AS ?answer). }
ext_rubq2_dev_006815,RuBQ_2.0,dev,direct_ru_candidate,direct_ru,В каком году была учреждена Нобелевская премия?,In what year was the Nobel prize established?,multi_constraint,1,True,1969,SELECT ?answer WHERE { wd:Q47170 wdt:P571 ?date . BIND (YEAR(?date) AS ?answer). }
ext_rubq2_dev_006820,RuBQ_2.0,dev,direct_ru_candidate,direct_ru,В каком году были учреждены зимние олимпийские игры?,In what year were the winter Olympic games established?,multi_constraint,1,True,1924,SELECT ?answer WHERE { wd:Q82414 wdt:P571 ?date . BIND (YEAR(?date) AS ?answer). }
ext_rubq2_dev_006828,RuBQ_2.0,dev,direct_ru_candidate,direct_ru,В каком году было образовано Федеральное казначейство РФ?,In what year was the Federal Treasury of the Russian Federation established?,multi_constraint,1,True,1992,SELECT ?answer WHERE { wd:Q4208422 wdt:P571 ?date . BIND (YEAR(?date) AS ?answer). }
ext_rubq2_dev_006840,RuBQ_2.0,dev,direct_ru_candidate,direct_ru,В каком году завершилась Реконкиста?,In what year did the Reconquista end?,multi_constraint,1,True,1492,SELECT ?answer WHERE { wd:Q79791 wdt:P582 ?date . BIND (YEAR(?date) AS ?answer). }
ext_rubq2_dev_006846,RuBQ_2.0,dev,direct_ru_candidate,direct_ru,В каком году заложен Летний сад?,In what year was the Summer garden started?,multi_constraint,1,True,1704,SELECT ?answer WHERE { wd:Q1229234 wdt:P571 ?date . BIND (YEAR(?date) AS ?answer). }
ext_rubq2_dev_006861,RuBQ_2.0,dev,direct_ru_candidate,direct_ru,В каком году образован Европейский комитет по стандартизации CEN?,In what year was the European Committee for standardization CEN formed?,multi_constraint,1,True,1961,SELECT ?answer WHERE { wd:Q648403 wdt:P571 ?date . BIND (YEAR(?date) AS ?answer). }
ext_rubq2_dev_006863,RuBQ_2.0,dev,direct_ru_candidate,direct_ru,В каком году образована баскетбольная ассоциация (NBA)?,In what year was the basketball Association (NBA) formed?,multi_constraint,1,True,1946,SELECT ?answer WHERE { wd:Q155223 wdt:P571 ?date . BIND (YEAR(?date) AS ?answer). }
ext_rubq2_dev_006865,RuBQ_2.0,dev,direct_ru_candidate,direct_ru,В каком году образована Калининградская область?,In what year was the Kaliningrad region formed?,multi_constraint,1,True,1946,SELECT ?answer WHERE { wd:Q1749 wdt:P571 ?date . BIND (YEAR(?date) AS ?answer). }
ext_rubq2_dev_006866,RuBQ_2.0,dev,direct_ru_candidate,direct_ru,В каком году образована Кубанская область?,In what year was the Kuban region formed?,multi_constraint,1,True,1860,SELECT ?answer WHERE { wd:Q1786286 wdt:P571 ?date . BIND (YEAR(?date) AS ?answer). }
ext_rubq2_dev_006867,RuBQ_2.0,dev,direct_ru_candidate,direct_ru,В каком году образована Международная федерация гимнастики FIG?,In what year was the international gymnastics Federation FIG formed?,multi_constraint,1,True,1881,SELECT ?answer WHERE { wd:Q379079 wdt:P571 ?date . BIND (YEAR(?date) AS ?answer). }
ext_rubq2_dev_006870,RuBQ_2.0,dev,direct_ru_candidate,direct_ru,В каком году образовано МЧС?,In what year was the Ministry of emergency situations formed?,multi_constraint,1,True,1994,SELECT ?answer WHERE { wd:Q2624171 wdt:P571 ?date . BIND (YEAR(?date) AS ?answer). }
ext_rubq2_dev_006871,RuBQ_2.0,dev,direct_ru_candidate,direct_ru,В каком году окончилась Русско-японская война?,In what year did the Russo-Japanese war end?,multi_constraint,1,True,1905,SELECT ?answer WHERE { wd:Q159950 wdt:P582 ?date . BIND (YEAR(?date) AS ?answer). }
ext_rubq2_dev_006874,RuBQ_2.0,dev,direct_ru_candidate,direct_ru,В каком году основан город Владимир?,In what year was the city of Vladimir founded?,multi_constraint,1,True,990,SELECT ?answer WHERE { wd:Q2684 wdt:P571 ?date . BIND (YEAR(?date) AS ?answer). }
ext_rubq2_dev_006875,RuBQ_2.0,dev,direct_ru_candidate,direct_ru,В каком году основан Гугл?,What year was Google founded?,multi_constraint,1,True,1998,SELECT ?answer WHERE { wd:Q95 wdt:P571 ?date . BIND (YEAR(?date) AS ?answer). }
ext_rubq2_dev_006877,RuBQ_2.0,dev,direct_ru_candidate,direct_ru,В каком году основана компания Apple?,What year was Apple founded?,multi_constraint,1,True,1976,SELECT ?answer WHERE { wd:Q312 wdt:P571 ?date . BIND (YEAR(?date) AS ?answer). }
ext_rubq2_dev_006896,RuBQ_2.0,dev,direct_ru_candidate,direct_ru,В каком году произошел Августовский путч?,In what year did the August putsch take place?,multi_constraint,1,True,1991,SELECT ?answer WHERE { wd:Q221382 wdt:P580 ?date . BIND (YEAR(?date) AS ?answer). }
ext_rubq2_dev_006898,RuBQ_2.0,dev,direct_ru_candidate,direct_ru,В каком году произошел Карибский кризис?,In what year did the Caribbean crisis occur?,multi_constraint,1,True,1962,SELECT ?answer WHERE { wd:Q128160 wdt:P580 ?date . BIND (YEAR(?date) AS ?answer). }
ext_rubq2_dev_006909,RuBQ_2.0,dev,direct_ru_candidate,direct_ru,В каком году родилась Людмила Гурченко?,What year was Lyudmila Gurchenko born?,multi_constraint,1,True,1935,SELECT ?answer WHERE { wd:Q68537 wdt:P569 ?date . BIND (YEAR(?date) AS ?answer). }
ext_rubq2_dev_006910,RuBQ_2.0,dev,direct_ru_candidate,direct_ru,В каком году родилась Мэрилин Монро?,What year was Marilyn Monroe born?,multi_constraint,1,True,1926,SELECT ?answer WHERE { wd:Q4616 wdt:P569 ?date . BIND (YEAR(?date) AS ?answer). }
ext_rubq2_dev_006912,RuBQ_2.0,dev,direct_ru_candidate,direct_ru,В каком году родилась Тамара Синявская?,In what year was Tamara Sinyavskaya born?,multi_constraint,2,True,1943 | 1943,SELECT ?answer WHERE { wd:Q3742244 wdt:P569 ?date . BIND (YEAR(?date) AS ?answer). }
ext_rubq2_dev_006914,RuBQ_2.0,dev,direct_ru_candidate,direct_ru,В каком году родился Гершвин?,What year was Gershwin born?,multi_constraint,1,True,1898,SELECT ?answer WHERE { wd:Q123829 wdt:P569 ?date . BIND (YEAR(?date) AS ?answer). }
ext_rubq2_dev_006916,RuBQ_2.0,dev,direct_ru_candidate,direct_ru,В каком году родился Чайковский?,In what year was Tchaikovsky born?,multi_constraint,1,True,1840,SELECT ?answer WHERE { wd:Q7315 wdt:P569 ?date . BIND (YEAR(?date) AS ?answer). }
ext_rubq2_dev_006918,RuBQ_2.0,dev,direct_ru_candidate,direct_ru,В каком году вышел фильм Бриллиантовая рука?,In what year was the film the diamond hand released?,multi_constraint,1,True,1968,SELECT ?answer WHERE { wd:Q1999930 wdt:P577 ?date . BIND (YEAR(?date) AS ?answer). }
ext_rubq2_dev_006928,RuBQ_2.0,dev,direct_ru_candidate,direct_ru,В каком году умер Брежнев?,What year did Brezhnev die?,multi_constraint,1,True,1982,SELECT ?answer WHERE { wd:Q765165 wdt:P570 ?date . BIND (YEAR(?date) AS ?answer). }
ext_rubq2_dev_006944,RuBQ_2.0,dev,direct_ru_candidate,direct_ru,В каком году учрежден орден Родительская слава?,In what year was the order of Parental glory established?,multi_constraint,1,True,2008,SELECT ?answer WHERE { wd:Q2011676 wdt:P571 ?date . BIND (YEAR(?date) AS ?answer). }
ext_rubq2_dev_006945,RuBQ_2.0,dev,direct_ru_candidate,direct_ru,В каком году учреждена медаль За оборону Сталинграда?,In what year was the medal for the defense of Stalingrad established?,multi_constraint,1,True,1942,SELECT ?answer WHERE { wd:Q241821 wdt:P571 ?date . BIND (YEAR(?date) AS ?answer). }
ext_rubq2_dev_006946,RuBQ_2.0,dev,direct_ru_candidate,direct_ru,В каком году учреждена медаль За отвагу на пожаре?,In what year was the medal for bravery in a fire established?,multi_constraint,1,True,1957,SELECT ?answer WHERE { wd:Q2443629 wdt:P571 ?date . BIND (YEAR(?date) AS ?answer). }
ext_rubq2_dev_006947,RuBQ_2.0,dev,direct_ru_candidate,direct_ru,В каком году учреждена Международная федерация бадминтона?,In what year was the international badminton Federation established?,multi_constraint,1,True,1934,SELECT ?answer WHERE { wd:Q126638 wdt:P571 ?date . BIND (YEAR(?date) AS ?answer). }
ext_rubq2_dev_007059,RuBQ_2.0,dev,direct_ru_candidate,direct_ru,В каком году было образовано Московское княжество?,In what year was the Moscow Principality established?,multi_constraint,1,True,1263,SELECT ?answer WHERE { wd:Q170770 wdt:P571 ?date . BIND (YEAR(?date) AS ?answer). }
ext_rubq2_dev_007099,RuBQ_2.0,dev,direct_ru_candidate,direct_ru,Как долго длилось первое российское кругосветное плавание под руководством Крузенштерна?,How long did Krusenstern's first Russian circumnavigation of the globe last?,temporal_or_duration,2,True,1096 | 1109,SELECT ?answer WHERE { wd:Q4349237 wdt:P580 ?begin . wd:Q4349237 wdt:P582 ?end . BIND (xsd:integer(?end - ?begin + 1) AS ?answer). }
ext_rubq2_dev_007103,RuBQ_2.0,dev,direct_ru_candidate,direct_ru,Сколько дней длился штурм Кенигсберга?,How many days did the assault on Konigsberg last?,temporal_or_duration,1,True,4,SELECT ?answer WHERE { wd:Q671528 wdt:P580 ?begin . wd:Q671528 wdt:P582 ?end . BIND (xsd:integer(?end - ?begin + 1) AS ?answer). }
ext_rubq2_dev_007109,RuBQ_2.0,dev,direct_ru_candidate,direct_ru,Сколько лет длилась Ливонская война?,How many years did the Livonian war last?,temporal_or_duration,1,True,25,SELECT ?answer WHERE { wd:Q246863 wdt:P580 ?begin . wd:Q246863 wdt:P582 ?end . BIND (YEAR(?end) - YEAR(?begin) AS ?answer). }
ext_rubq2_dev_007115,RuBQ_2.0,dev,direct_ru_candidate,direct_ru,Сколько лет продолжались Гуситские войны в Чехии?,How many years did the Hussite wars continue in the Czech Republic?,temporal_or_duration,1,True,15,SELECT ?answer WHERE { wd:Q478301 wdt:P580 ?begin . wd:Q478301 wdt:P582 ?end . BIND (YEAR(?end) - YEAR(?begin) AS ?answer). }
ext_rubq2_dev_007135,RuBQ_2.0,dev,direct_ru_candidate,direct_ru,Сколько лет продолжалось восстание Пугачева?,How many years did Pugachev's rebellion last?,temporal_or_duration,1,True,2,SELECT ?answer WHERE { wd:Q154100 wdt:P580 ?begin . wd:Q154100 wdt:P582 ?end . BIND (YEAR(?end) - YEAR(?begin) AS ?answer). }
ext_rubq2_dev_007136,RuBQ_2.0,dev,direct_ru_candidate,direct_ru,Сколько лет продолжалось первое кругосветное плавание?,How many years did the first circumnavigation of the world last?,temporal_or_duration,1,True,3,SELECT ?answer WHERE { wd:Q1225170 wdt:P580 ?begin . wd:Q1225170 wdt:P582 ?end . BIND (YEAR(?end) - YEAR(?begin) AS ?answer). }
ext_rubq2_dev_007139,RuBQ_2.0,dev,direct_ru_candidate,direct_ru,Сколько дней продолжалась оборона Севастополя?,How many days did the defense of Sevastopol last?,temporal_or_duration,1,True,248,SELECT ?answer WHERE { wd:Q154860 wdt:P580 ?begin . wd:Q154860 wdt:P582 ?end . BIND (xsd:integer(?end - ?begin + 1) AS ?answer). }
ext_rubq2_dev_007152,RuBQ_2.0,dev,direct_ru_candidate,direct_ru,В каком году был опубликован императорский манифест О создании в России Государственной думы?,In what year was the Imperial Manifesto for the creation of the Russian state Duma published?,multi_constraint,1,True,1905,SELECT ?answer WHERE { wd:Q109878 wdt:P571 ?date . BIND (YEAR(?date) AS ?answer). }
ext_rubq2_dev_007154,RuBQ_2.0,dev,direct_ru_candidate,direct_ru,В каком году появилось издательство Малыш?,In what year did the publishing house of the Baby?,multi_constraint,1,True,1963,SELECT ?answer WHERE { wd:Q21641422 wdt:P571 ?date . BIND (YEAR(?date) AS ?answer). }
ext_rubq2_dev_007177,RuBQ_2.0,dev,direct_ru_candidate,direct_ru,В каком году появился ислам как религия?,In what year did Islam appear as a religion?,multi_constraint,1,True,610,SELECT ?answer WHERE { wd:Q432 wdt:P571 ?date . BIND (YEAR(?date) AS ?answer). }
ext_rubq2_dev_007190,RuBQ_2.0,dev,direct_ru_candidate,direct_ru,В каком году был основан Орден тамплиеров?,In what year was the Templar Order founded?,multi_constraint,1,True,1118,SELECT ?answer WHERE { wd:Q41300 wdt:P571 ?date . BIND (YEAR(?date) AS ?answer). }
ext_rubq2_dev_007193,RuBQ_2.0,dev,direct_ru_candidate,direct_ru,В каком году Некрасов написал стихотворение Памяти Добролюбова?,In what year did Nekrasov write a poem In memory of Dobrolyubov?,multi_constraint,1,True,1864,SELECT ?answer WHERE { wd:Q19195740 wdt:P571 ?date . BIND (YEAR(?date) AS ?answer). }
ext_rubq2_test_000021,RuBQ_2.0,test,direct_ru_candidate,direct_ru,Как звали дракончика Хагрида?,What was Hagrid's dragon's name?,multi_constraint,1,True,Норберта,SELECT ?answer WHERE { wd:Q177439 wdt:P1830 ?answer . ?answer wdt:P31 wd:Q2658345 }
ext_rubq2_test_000034,RuBQ_2.0,test,direct_ru_candidate,direct_ru,В какой стране находятся две великие реки – Тигр и Евфрат?,In which country are the two great rivers – the Tigris and the Euphrates-located?,multi_constraint,3,True,Турция | Ирак | Сирия,SELECT ?answer WHERE { wd:Q34589 wdt:P17 ?answer . wd:Q35591 wdt:P17 ?answer }
ext_rubq2_test_000108,RuBQ_2.0,test,direct_ru_candidate,direct_ru,Как звали брата Каина?,What was Cain's brother's name?,multi_constraint,2,True,Сиф | Авель,SELECT ?answer WHERE { wd:Q205365 wdt:P3373 ?answer . ?answer wdt:P21 wd:Q6581097 }
ext_rubq2_test_000109,RuBQ_2.0,test,direct_ru_candidate,direct_ru,Как звали брата Авеля?,What was the name of his brother Abel?,multi_constraint,2,True,Сиф | Каин,SELECT ?answer WHERE { wd:Q313421 wdt:P3373 ?answer . ?answer wdt:P21 wd:Q6581097 }
ext_rubq2_test_000121,RuBQ_2.0,test,direct_ru_candidate,direct_ru,Кто из ахейцев-героев Троянской войны был мужем Клитемнестры?,Which of the Achaean heroes of the Trojan war was the husband of Clytemnestra?,multi_constraint,1,True,Агамемнон,SELECT ?answer WHERE { wd:Q131157 wdt:P26 ?answer . ?answer wdt:P607 wd:Q42937 }
ext_rubq2_test_000131,RuBQ_2.0,test,direct_ru_candidate,direct_ru,Как в системе СИ называется единица магнитной индукции?,What is the SI unit of magnetic induction called?,multi_constraint,1,True,тесла,SELECT ?answer WHERE { wd:Q30204 wdt:P1880 ?answer . ?answer wdt:P31/wdt:P279 wd:Q61610698 }
ext_rubq2_test_000173,RuBQ_2.0,test,direct_ru_candidate,direct_ru,Какие формы земной поверхности изучает спелеолог?,What forms of the earth's surface does the speleologist study?,multi_hop,1,True,пещера,SELECT ?answer WHERE { wd:Q16742175 wdt:P425 [ wdt:P2578 ?answer ] }
ext_rubq2_test_000183,RuBQ_2.0,test,direct_ru_candidate,direct_ru,Какому времени года соответствует 2-й месяц французского республиканского календаря брюмер?,What time of year does the 2nd month of the French Republican Brumaire calendar correspond to?,multi_constraint,1,True,осень,SELECT ?answer WHERE { wd:Q832417 wdt:P361 ?answer . ?answer wdt:P279 wd:Q24384 }
ext_rubq2_test_000186,RuBQ_2.0,test,direct_ru_candidate,direct_ru,На какой реке стоит город Прага?,What river is the city of Prague on?,multi_constraint,1,True,Влтава,SELECT ?answer WHERE { wd:Q1085 wdt:P206 ?answer . ?answer wdt:P31 wd:Q4022 }
ext_rubq2_test_000190,RuBQ_2.0,test,direct_ru_candidate,direct_ru,На какой реке стоит Минск?,What river is Minsk on?,multi_constraint,1,True,Свислочь,SELECT ?answer WHERE { wd:Q2280 wdt:P206 ?answer . ?answer wdt:P31 wd:Q4022 }
ext_rubq2_test_000207,RuBQ_2.0,test,direct_ru_candidate,direct_ru,"В каком городе происходит действие романа Т. Манна ""Будденброки""","In what city is the novel of T. Mann ""Buddenbrooks""",multi_constraint,2,True,Любек | Бад-Швартау,SELECT ?answer WHERE { wd:Q326909 wdt:P840 ?answer . ?answer wdt:P31/wdt:P279 wd:Q515 }
ext_rubq2_test_000267,RuBQ_2.0,test,direct_ru_candidate,direct_ru,Какая звезда изображена на флаге Аргентины?,Which star is depicted on the flag of Argentina?,multi_constraint,1,True,Солнце,SELECT ?answer WHERE { wd:Q130774 wdt:P180 ?answer . ?answer wdt:P31/wdt:P279* wd:Q523 }
ext_rubq2_test_000376,RuBQ_2.0,test,direct_ru_candidate,direct_ru,В каком озере отражаются красивые церкви Новгорода?,In which the lake reflected the beautiful churches of Novgorod?,multi_constraint,1,True,Ильмень,SELECT ?answer WHERE { wd:Q2235 wdt:P206 ?answer . ?answer wdt:P31 wd:Q23397 }
ext_rubq2_test_000391,RuBQ_2.0,test,direct_ru_candidate,direct_ru,кто завоевал кубок мира по биатлону среди мужчин в 2013 году,who won the men's biathlon world Cup in 2013,multi_constraint,1,True,Мартен Фуркад,SELECT ?answer WHERE { wd:Q128634 wdt:P1346 ?answer . ?answer wdt:P21 wd:Q6581097 }
ext_rubq2_test_000424,RuBQ_2.0,test,direct_ru_candidate,direct_ru,Кто изображен на американской банкноте достоинством в десять долларов?,Who is depicted on the American ten-dollar bill?,multi_constraint,1,True,Александр Гамильтон,SELECT ?answer WHERE { wd:Q4159284 wdt:P180 ?answer . ?answer wdt:P31 wd:Q5 }
ext_rubq2_test_000468,RuBQ_2.0,test,direct_ru_candidate,direct_ru,Какое море омывает берега Испании?,What sea washes the coast of Spain?,multi_constraint,3,True,Море Альборан | Средиземное море | Бискайский залив,SELECT ?answer WHERE { wd:Q29 wdt:P206 ?answer . ?answer wdt:P31/wdt:P279* wd:Q165 }
ext_rubq2_test_000493,RuBQ_2.0,test,direct_ru_candidate,direct_ru,В каком штате США расположен город Солт-Лейк-Сити - столица Зимней Олимпиады 2002 года?,"What state of the United States is salt lake city, the capital of the 2002 Winter Olympics?",multi_constraint,1,True,Юта,SELECT ?answer WHERE { wd:Q23337 wdt:P1376 ?answer . ?answer wdt:P31 wd:Q35657 }
ext_rubq2_test_000557,RuBQ_2.0,test,direct_ru_candidate,direct_ru,Какая африканская страна является родиной предков Барака Обамы?,Which African country is home to Barack Obama's ancestors?,multi_constraint,1,True,Кения,SELECT ?answer WHERE { wd:Q643049 wdt:P17 ?answer . ?answer wdt:P361* wd:Q15 }
ext_rubq2_test_000561,RuBQ_2.0,test,direct_ru_candidate,direct_ru,Капитаном какой московской футбольной команды был Игорь Нетто?,Which Moscow football team was captained by Igor Netto?,multi_constraint,1,True,Спартак,SELECT ?answer WHERE { wd:Q48355 wdt:P54 ?answer . ?answer wdt:P31 wd:Q476028 . ?answer wdt:P159 wd:Q649 . }
ext_rubq2_test_000606,RuBQ_2.0,test,direct_ru_candidate,direct_ru,Какой город является официальной столицей Боливии?,Which city is the official capital of Bolivia?,qualifier_constraint,1,True,Сукре,SELECT ?answer WHERE { wd:Q750 p:P36 [ ps:P36 ?answer; pq:P459 wd:Q132555 ] }
ext_rubq2_test_000625,RuBQ_2.0,test,direct_ru_candidate,direct_ru,Где находится старинный жилой квартал и историко-архитектурный заповедник Ичери-шехер со знаменитой Девичьей башней и комплексом Дворца Ширваншахов?,Where is the old residential quarter and historical and architectural reserve Icheri-Sheher with the famous Maiden tower and the Shirvanshah Palace complex?,multi_constraint,1,True,Баку,SELECT ?answer WHERE { wd:Q344569 wdt:P131* ?answer . ?answer wdt:P31/wdt:P279* wd:Q515 }
ext_rubq2_test_000643,RuBQ_2.0,test,direct_ru_candidate,direct_ru,"Кто является лидером-вокалистом британской рок-группы ""Electric Light Orchestra""?","Who is the lead singer of the British rock band ""Electric Light Orchestra""?",multi_constraint,1,True,"Линн, Джефф",SELECT ?answer WHERE { wd:Q218255 wdt:P112 ?answer . ?answer wdt:P1303 wd:Q17172850 }
ext_rubq2_test_000682,RuBQ_2.0,test,direct_ru_candidate,direct_ru,"Какая звезда изображена на флаге Аляски кроме тех, которые изображают созвездие Большая Медведица?",What star is depicted on the flag of Alaska other than those that depict the constellation URSA Major?,multi_constraint,1,True,Полярная звезда,SELECT ?answer WHERE { wd:Q156564 wdt:P180 ?answer . MINUS { ?answer wdt:P59 wd:Q8918 . } }
ext_rubq2_test_000696,RuBQ_2.0,test,direct_ru_candidate,direct_ru,Какой комик сыграл в кино Гринча — похитителя Рождества?,Which comedian played the Grinch who stole Christmas in the movie?,multi_constraint,1,True,Джим Керри,SELECT ?answer WHERE { wd:Q719748 wdt:P175 ?answer . ?answer wdt:P106 wd:Q245068 }
ext_rubq2_test_000722,RuBQ_2.0,test,direct_ru_candidate,direct_ru,За какой клуб выступал бразильский футболист Гарринча?,Which club did the Brazilian footballer Garrincha play for?,multi_constraint,7,True,Фламенго | Коринтианс | Ботафого | Атлетико Хуниор | Олария (футбольный клуб),SELECT ?answer WHERE { wd:Q180642 wdt:P54 ?answer . ?answer wdt:P31/wdt:P279* wd:Q476028 }
ext_rubq2_test_000731,RuBQ_2.0,test,direct_ru_candidate,direct_ru,"Какой символ присутствует и на флаге, и на гербе Аргентины?",What symbol is present on both the flag and the coat of arms of Argentina?,multi_constraint,2,True,Майское солнце | Солнце,SELECT ?answer WHERE { wd:Q130774 wdt:P180 ?answer . wd:Q199858 wdt:P180 ?answer }
ext_rubq2_test_000756,RuBQ_2.0,test,direct_ru_candidate,direct_ru,Столицей какой республики СССР был город Фрунзе?,The capital of which Republic of the USSR was the city of Frunze?,multi_constraint,1,True,Киргизская Советская Социалистическая Республика,SELECT ?answer WHERE { wd:Q9361 wdt:P1376 ?answer . ?answer wdt:P31 wd:Q236036 }
ext_rubq2_test_000768,RuBQ_2.0,test,direct_ru_candidate,direct_ru,Столицей какой автономной области Испании является Барселона?,Which Autonomous region of Spain is the capital of Barcelona?,multi_constraint,1,True,Каталония,SELECT ?answer WHERE { wd:Q1492 wdt:P1376 ?answer . ?answer wdt:P31 wd:Q10742 }
